index;season_no;episode_no;episode_name;Character;Text
0;1;2;Kaer Morhen;girl;[girl] So, where are you taking me?
1;1;2;Kaer Morhen;boy;[boy] It's a surprise.
2;1;2;Kaer Morhen;gril;[girl] A surprise? What surprise?
3;1;2;Kaer Morhen;boy;[boy] I got you something.
4;1;2;Kaer Morhen;girl;Do tell.
5;1;2;Kaer Morhen;boy;[boy] Well, if I tell now, it wouldn't be a surprise, would it?
6;1;2;Kaer Morhen;girl;[laughs] You're a very, very naughty boy.
7;1;2;Kaer Morhen;boy;Stand there. Close your eyes.
8;1;2;Kaer Morhen;boy;Open.
9;1;2;Kaer Morhen;girl;A daisy? Not a rose?
10;1;2;Kaer Morhen;boy;Roses are cliche.
11;1;2;Kaer Morhen;girl;Daisies are cheap.
12;1;2;Kaer Morhen;boy;I can still... kiss you, right?
13;1;2;Kaer Morhen;girl;Where did it go?
14;1;2;Kaer Morhen;boy;What?
15;1;2;Kaer Morhen;girl;My daisy.
16;1;2;Kaer Morhen;boy;Thought you didn't want it?
17;1;2;Kaer Morhen;girl;Ugh!
18;1;2;Kaer Morhen;;[gasps]
19;1;2;Kaer Morhen;girl;Now it smells of pig shit.
20;1;2;Kaer Morhen;boy;You been spying on us, you creep?
21;1;2;Kaer Morhen;girl;'Course. Look at her. No one's ever kissed that.
22;1;2;Kaer Morhen;girl;Could she even stand up straight to do it?
23;1;2;Kaer Morhen;boy;Where you going, crooked girl? We can teach you.
24;1;2;Kaer Morhen;yennefer;Leave me alone. Stop.
25;1;2;Kaer Morhen;boy;I heard your father  makes you sleep with pigs.
26;1;2;Kaer Morhen;yennefer;Stop.
27;1;2;Kaer Morhen;girl;Your own family doesn't even want you.
28;1;2;Kaer Morhen;;[gasps]
29;1;2;Kaer Morhen;;[whispering voice]
30;1;2;Kaer Morhen;;[shudders]
31;1;2;Kaer Morhen;;[whispering]
32;1;2;Kaer Morhen;;[gasps]
33;1;2;Kaer Morhen;;[rumbling and whispering continue]
34;1;2;Kaer Morhen;Istredd;Who are you?
35;1;2;Kaer Morhen;yennefer;Wha-- what is all this?
36;1;2;Kaer Morhen;yennefer;Am I dead?
37;1;2;Kaer Morhen;yennefer;How did I get here?
38;1;2;Kaer Morhen;Istredd;Well, it looks to me  like you portalled in.
39;1;2;Kaer Morhen;yennefer;I what?
40;1;2;Kaer Morhen;Istredd;You know, portalled.
41;1;2;Kaer Morhen;Istredd;From wherever you were to here.
42;1;2;Kaer Morhen;Istredd;The Tower of the Gull.
43;1;2;Kaer Morhen;Istredd;Aretuza.
44;1;2;Kaer Morhen;Istredd;Oh, you're a virgin.
45;1;2;Kaer Morhen;yennefer;I'm sorry.
46;1;2;Kaer Morhen;yennefer;I'm s-- I'm sorry.
47;1;2;Kaer Morhen;Istredd;Your backhand is even more impressive than your magic.
48;1;2;Kaer Morhen;yennefer;My what?
49;1;2;Kaer Morhen;woman;[woman] We're not supposed to be out here...
50;1;2;Kaer Morhen;;[gasps]
51;1;2;Kaer Morhen;Istredd;What's wrong?
52;1;2;Kaer Morhen;Istredd;If you could conjure that portal out of thin air, she'll be coming for you.
53;1;2;Kaer Morhen;yennefer;She? She who?
54;1;2;Kaer Morhen;yennefer;What are you doing?
55;1;2;Kaer Morhen;;[speaking Elder]
56;1;2;Kaer Morhen;;[rumbling]
57;1;2;Kaer Morhen;yennefer;What's that?
58;1;2;Kaer Morhen;Istredd;It's a-- a different kind of portal.
59;1;2;Kaer Morhen;Istredd;One that can't be tracked.
60;1;2;Kaer Morhen;Istredd;See, the one you made  has put a target on your back,
61;1;2;Kaer Morhen;Istredd;but this will take you home.
62;1;2;Kaer Morhen;Istredd;Look, you can trust me.
63;1;2;Kaer Morhen;yennefer;What's your name?
64;1;2;Kaer Morhen;Istredd;Istredd.
65;1;2;Kaer Morhen;Istredd;Wait. What's your--
66;1;2;Kaer Morhen;;[rumbling]
67;1;2;Kaer Morhen;;[sighs]
68;1;2;Kaer Morhen;;[clucking]
69;1;2;Kaer Morhen;man;Get out of there, girl.
70;1;2;Kaer Morhen;;[grunts]
71;1;2;Kaer Morhen;yennefer;I-- I can do it.
72;1;2;Kaer Morhen;;[grunts]
73;1;2;Kaer Morhen;;[neighs]
74;1;2;Kaer Morhen;;[groans]
75;1;2;Kaer Morhen;tissaia;How much for a pig?
76;1;2;Kaer Morhen;yennefer's father;They'll be at market tomorrow.
77;1;2;Kaer Morhen;tissaia;Well, I'm here today.
78;1;2;Kaer Morhen;yennefer's father;Ten marks.
79;1;2;Kaer Morhen;tissaia;How much for this beast?
80;1;2;Kaer Morhen;yennefer's father;Six.
81;1;2;Kaer Morhen;tissaia;Four.
82;1;2;Kaer Morhen;yennefer's mother;What are you doing?
83;1;2;Kaer Morhen;yennefer's father;Sold. Four marks.
84;1;2;Kaer Morhen;yennefer's mother;Are you mad? You can't let them have her.
85;1;2;Kaer Morhen;yennefer's father;As I said, sold. Four marks.
86;1;2;Kaer Morhen;yennefer's mother;The woman's a witch. You know what they will do.
87;1;2;Kaer Morhen;yennefer's mother;She's our daughter.
88;1;2;Kaer Morhen;yennefer's father;She's no daughter of mine.
89;1;2;Kaer Morhen;yennefer;Mother. [yelps] Please help me.
90;1;2;Kaer Morhen;tissaia;[witch] Excellent. I'll be going.
91;1;2;Kaer Morhen;yennefer;You can't take me!
92;1;2;Kaer Morhen;yennefer;I won't go.
93;1;2;Kaer Morhen;yennefer;Let me out!
94;1;2;Kaer Morhen;yennefer;Let me out!
95;1;2;Kaer Morhen;;[sobs]
96;1;2;Kaer Morhen;yennefer;Four marks.
97;1;2;Kaer Morhen;;[whimpers]
98;1;2;Kaer Morhen;;[screams]
99;1;2;Kaer Morhen;;[sobs]
100;1;2;Kaer Morhen;nilfgard soldier;[man] Princess!
101;1;2;Kaer Morhen;nilfgard soldier;Princess Cirilla!
102;1;2;Kaer Morhen;nilfgard soldier;Princess Cirilla!
103;1;2;Kaer Morhen;nilfgard soldier;[second man] Come on! Now, Princess!
104;1;2;Kaer Morhen;nilfgard soldier;You, check down there.
105;1;2;Kaer Morhen;;[horse neighs]
106;1;2;Kaer Morhen;nilfgard soldier;Princess?
107;1;2;Kaer Morhen;nilfgard soldier;Where are you, Princess?
108;1;2;Kaer Morhen;nilfgard soldier;Princess Cirilla!
109;1;2;Kaer Morhen;nilfgard soldier;Moving to the stream.
110;1;2;Kaer Morhen;nilfgard soldier;You, keep your eyes open!
111;1;2;Kaer Morhen;;[horses neigh]
112;1;2;Kaer Morhen;;Princess Cirilla!
113;1;2;Kaer Morhen;;[gasps]
114;1;2;Kaer Morhen;ciri;Who's there?
115;1;2;Kaer Morhen;ciri;Stop right there.
116;1;2;Kaer Morhen;ciri;You mean they're poison?
117;1;2;Kaer Morhen;;[squeaking]
118;1;2;Kaer Morhen;ciri;Oh, uh... no, thank you.
119;1;2;Kaer Morhen;ciri;I don't eat rat.
120;1;2;Kaer Morhen;;[sighs]
121;1;2;Kaer Morhen;ciri;Wait.
122;1;2;Kaer Morhen;ciri;Wh-Where in Cintra did you live?
123;1;2;Kaer Morhen;ciri;Where are your parents?
124;1;2;Kaer Morhen;ciri;Why don't you talk?
125;1;2;Kaer Morhen;ciri;I haven't spoken to anybody in three days.
126;1;2;Kaer Morhen;ciri;I guess...
127;1;2;Kaer Morhen;ciri;I'm on the run.
128;1;2;Kaer Morhen;ciri;I'm supposed to be going towards someone,
129;1;2;Kaer Morhen;ciri;but instead,  I'm running from someone else.
130;1;2;Kaer Morhen;ciri;He has this...
131;1;2;Kaer Morhen;ciri;this big bird on his head.
132;1;2;Kaer Morhen;ciri;I don't know what he wants from me.
133;1;2;Kaer Morhen;ciri;We should smother the fire.
134;1;2;Kaer Morhen;ciri;I can't be caught by him.
135;1;2;Kaer Morhen;ciri;I can't.
136;1;2;Kaer Morhen;;[shivers]
137;1;2;Kaer Morhen;;[tapping]
138;1;2;Kaer Morhen;;[murmuring voices]
139;1;2;Kaer Morhen;ciri;Look, it's the Cintran flag. Come on, we're saved.
140;1;2;Kaer Morhen;ciri;Rat Boy?
141;1;2;Kaer Morhen;;[lute plays]
142;1;2;Kaer Morhen;jaskier;[man] <song> You think you're safe <song>
143;1;2;Kaer Morhen;jaskier;<song> Without a care <song>
144;1;2;Kaer Morhen;jaskier;<song> But here in Posada <song>
145;1;2;Kaer Morhen;jaskier;<song> You'd be wise to beware <song>
146;1;2;Kaer Morhen;jaskier;<song> The pike with the spike <song>
147;1;2;Kaer Morhen;jaskier;<song> That lurks in your drawers <song>
148;1;2;Kaer Morhen;jaskier;<song> Or the flying drake <song>
149;1;2;Kaer Morhen;jaskier;<song> That will fill you with horror <song>
150;1;2;Kaer Morhen;jaskier;<song> Need old Nan the Hag <song>
151;1;2;Kaer Morhen;jaskier;<song> To stir up a potion <song>
152;1;2;Kaer Morhen;jaskier;<song> So that your lady <song>
153;1;2;Kaer Morhen;jaskier;<song> May get an abortion <song>
154;1;2;Kaer Morhen;man;Abort yourself!
155;1;2;Kaer Morhen;jaskier;Oh, oi!
156;1;2;Kaer Morhen;jaskier;Stop! Fuck off!
157;1;2;Kaer Morhen;woman;[woman] Shut up!
158;1;2;Kaer Morhen;jaskier;I'm so glad that I could bring you all together like this.
159;1;2;Kaer Morhen;;[man] Sit down and shut up!
160;1;2;Kaer Morhen;jaskier;Unbelievable.
161;1;2;Kaer Morhen;jaskier;I love the way you just... sit in the corner and brood.
162;1;2;Kaer Morhen;geralt;I'm here to drink alone.
163;1;2;Kaer Morhen;jaskier;Good. Yeah, good.
164;1;2;Kaer Morhen;jaskier;No one else hesitated to comment on the quality of my performance, except...
165;1;2;Kaer Morhen;jaskier;for you. Come on.
166;1;2;Kaer Morhen;jaskier;You don't want to keep a man with...
167;1;2;Kaer Morhen;jaskier;bread in his pants waiting.
168;1;2;Kaer Morhen;jaskier;You must have some review for me. Three words or less.
169;1;2;Kaer Morhen;geralt;They don't exist.
170;1;2;Kaer Morhen;geralt;What don't exist?
171;1;2;Kaer Morhen;geralt;The creatures in your song.
172;1;2;Kaer Morhen;jaskier;And how would you know?
173;1;2;Kaer Morhen;geralt;Oh, fun. White hair...
174;1;2;Kaer Morhen;geralt;big, old loner, two very...
175;1;2;Kaer Morhen;geralt;very scary-looking swords.
176;1;2;Kaer Morhen;geralt;I know who you are.
177;1;2;Kaer Morhen;geralt;You're the Witcher, Geralt of Rivia.
178;1;2;Kaer Morhen;geralt;Called it.
179;1;2;Kaer Morhen;man;A job I've got for ya. I beg you.
180;1;2;Kaer Morhen;man;A devil-- he's been stealing all our grain.
181;1;2;Kaer Morhen;man;In advance, I'll pay you. A hundred ducat.
182;1;2;Kaer Morhen;geralt;One fifty.
183;1;2;Kaer Morhen;man;I've no doubt you'll come through.
184;1;2;Kaer Morhen;man;You take no prisoners, so I hear.
185;1;2;Kaer Morhen;jaskier;Ah. Need a hand? I've got two.
186;1;2;Kaer Morhen;jaskier;One for each of the, uh, devil's horns.
187;1;2;Kaer Morhen;geralt;Go away.
188;1;2;Kaer Morhen;jaskier;I won't be but silent back-up.
189;1;2;Kaer Morhen;jaskier;I heard your note, and, yes, you're right,
190;1;2;Kaer Morhen;jaskier;maybe real adventures  would make better stories.
191;1;2;Kaer Morhen;jaskier;And you, sir, smell chock-full of them.
192;1;2;Kaer Morhen;jaskier;Amongst other things. I mean, what is that? Is that onion?
193;1;2;Kaer Morhen;jaskier;It doesn't matter. Whatever it is,  you smell of death and destiny.
194;1;2;Kaer Morhen;jaskier;Heroics and heartbreak.
195;1;2;Kaer Morhen;geralt;It's onion.
196;1;2;Kaer Morhen;jaskier;Right, yeah. Yeah.
197;1;2;Kaer Morhen;jaskier;Ooh, I could be your barker,
198;1;2;Kaer Morhen;jaskier;spreading the tales of Geralt of Rivia,
199;1;2;Kaer Morhen;jaskier;the-the Butcher of Blaviken.
200;1;2;Kaer Morhen;geralt;Come here.
201;1;2;Kaer Morhen;jaskier;Yeah?
202;1;2;Kaer Morhen;;[groans]
203;1;2;Kaer Morhen;;[wheezing]
204;1;2;Kaer Morhen;jaskier;Ho ho. Uhh.
205;1;2;Kaer Morhen;geralt;Come on, Roach.
206;1;2;Kaer Morhen;tissaia;Do you know how many people  wouldn't blink if you died?
207;1;2;Kaer Morhen;tissaia;You get to live.
208;1;2;Kaer Morhen;yennefer;Who are you?
209;1;2;Kaer Morhen;tissaia;Tissaia de Vries.
210;1;2;Kaer Morhen;tissaia;Rectoress of Aretuza.
211;1;2;Kaer Morhen;yennefer;[sobs] You should've let me die. At least I had control over that.
212;1;2;Kaer Morhen;tissaia;Oh, that's adorable, piglet.
213;1;2;Kaer Morhen;tissaia;You weren't taking control. You were losing it.
214;1;2;Kaer Morhen;tissaia;Be in the greenhouse in 20 minutes.
215;1;2;Kaer Morhen;;[door slams]
216;1;2;Kaer Morhen;;[winces]
217;1;2;Kaer Morhen;tissaia;[Tissaia] I sense your terror.
218;1;2;Kaer Morhen;tissaia;And you are right to be afraid.
219;1;2;Kaer Morhen;tissaia;Chaos is the most dangerous thing in this world.
220;1;2;Kaer Morhen;tissaia;It is all around us all the time.
221;1;2;Kaer Morhen;tissaia;Volatile and powerful.
222;1;2;Kaer Morhen;tissaia;But... each one of you
223;1;2;Kaer Morhen;tissaia;showed an aptitude for channeling it.
224;1;2;Kaer Morhen;tissaia;Your conduit moment  created a new ripple in chaos,
225;1;2;Kaer Morhen;tissaia;reaching me here in Aretuza.
226;1;2;Kaer Morhen;tissaia;Anica, you saved a drowning boy  with your mind.
227;1;2;Kaer Morhen;tissaia;Fringilla froze a cat.
228;1;2;Kaer Morhen;fringilla;On accident.
229;1;2;Kaer Morhen;tissaia;Sabrina... turned her mother fat.
230;1;2;Kaer Morhen;tissaia;But just because you are conduits of chaos...
231;1;2;Kaer Morhen;tissaia;does not mean that you are capable of magic.
232;1;2;Kaer Morhen;yennefer;I want to go home.
233;1;2;Kaer Morhen;tissaia;This is your home.
234;1;2;Kaer Morhen;tissaia;Listen closely. Your survival depends on it.
235;1;2;Kaer Morhen;tissaia;Magic is organizing chaos.
236;1;2;Kaer Morhen;tissaia;And while oceans of mystery remain,
237;1;2;Kaer Morhen;tissaia;we have deduced that this requires two things.
238;1;2;Kaer Morhen;tissaia;Balance and control.
239;1;2;Kaer Morhen;tissaia;Without them, chaos will kill you.
240;1;2;Kaer Morhen;tissaia;This is the simplest of trials
241;1;2;Kaer Morhen;tissaia;to see whether  you are worthy of the ascension.
242;1;2;Kaer Morhen;tissaia;Between your flower and your stone lies the balance.
243;1;2;Kaer Morhen;tissaia;Lift your stone without touching it.
244;1;2;Kaer Morhen;tissaia;Use the incantation [speaking Elder].
245;1;2;Kaer Morhen;;[all speaking Elder]
246;1;2;Kaer Morhen;;[gasps]
247;1;2;Kaer Morhen;;[rattling]
248;1;2;Kaer Morhen;;[speaking Elder]
249;1;2;Kaer Morhen;fringilla;[gasps] I'm doing it.
250;1;2;Kaer Morhen;sabrina;Your hand...
251;1;2;Kaer Morhen;;[screaming]
252;1;2;Kaer Morhen;tissaia;This is the balance.
253;1;2;Kaer Morhen;tissaia;Demonstrated beautifully. Thank you, Fringilla.
254;1;2;Kaer Morhen;tissaia;There is no conjuring something from nothing.
255;1;2;Kaer Morhen;tissaia;There is a give and a take.
256;1;2;Kaer Morhen;;[speaking Elder]
257;1;2;Kaer Morhen;;[speaking Elder]
258;1;2;Kaer Morhen;;[girls speaking Elder]
259;1;2;Kaer Morhen;;[speaking Elder]
260;1;2;Kaer Morhen;;[sighs]
261;1;2;Kaer Morhen;;[speaking Elder]
262;1;2;Kaer Morhen;;[speaking Elder]
263;1;2;Kaer Morhen;;[speaking Elder]
264;1;2;Kaer Morhen;;[speaking Elder]
265;1;2;Kaer Morhen;;[speaking Elder]
266;1;2;Kaer Morhen;tissaia;You've lost a lot of blood, piglet.
267;1;2;Kaer Morhen;;[speaking Elder]
268;1;2;Kaer Morhen;;[speaking Elder]
269;1;2;Kaer Morhen;;[gasps]
270;1;2;Kaer Morhen;;[speaking Elder]
271;1;2;Kaer Morhen;;[speaking Elder]
272;1;2;Kaer Morhen;;[speaking Elder]
273;1;2;Kaer Morhen;;[speaking Elder]
274;1;2;Kaer Morhen;tissaia;Sometimes a flower is just a flower...
275;1;2;Kaer Morhen;tissaia;and the best thing it can do for us is to die.
276;1;2;Kaer Morhen;;[faint scratching]
277;1;2;Kaer Morhen;;[scratching continues]
278;1;2;Kaer Morhen;yennefer;Istredd.
279;1;2;Kaer Morhen;yennefer;You were right. She found me.
280;1;2;Kaer Morhen;istredd;And you found me.
281;1;2;Kaer Morhen;yennefer;My name.
282;1;2;Kaer Morhen;yennefer;It's Yennefer.
283;1;2;Kaer Morhen;istredd;It's good to meet you properly...
284;1;2;Kaer Morhen;istredd;Yennefer.
285;1;2;Kaer Morhen;;[dog barking]
286;1;2;Kaer Morhen;;[hammering]
287;1;2;Kaer Morhen;;[horse neighs]
288;1;2;Kaer Morhen;;[baby crying]
289;1;2;Kaer Morhen;;[indistinct chatter]
290;1;2;Kaer Morhen;woman;Hey, no cutting.
291;1;2;Kaer Morhen;ciri;Don't touch me. This food was provided by the queen.
292;1;2;Kaer Morhen;woman;May she rot in hell.
293;1;2;Kaer Morhen;boy;Your cloak...
294;1;2;Kaer Morhen;boy;My father made it.
295;1;2;Kaer Morhen;boy;Ziven Ozol. He clothes Cintra's finest.
296;1;2;Kaer Morhen;boy;You look like you've been through hell.
297;1;2;Kaer Morhen;boy;Like all of us.
298;1;2;Kaer Morhen;;[man coughs]
299;1;2;Kaer Morhen;boy;They're elf ears.
300;1;2;Kaer Morhen;boy;I killed them all.
301;1;2;Kaer Morhen;boy;Doing my part to avenge human lives lost in Filavandrel's uprising.
302;1;2;Kaer Morhen;ciri;Filavandrel?
303;1;2;Kaer Morhen;boy;"The elves call him King."""""
304;1;2;Kaer Morhen;boy;Last year, he tried to claim Cintran land.
305;1;2;Kaer Morhen;boy;My brother got an arrow in the brain.
306;1;2;Kaer Morhen;boy;Every day, I make sure his death's not in vain.
307;1;2;Kaer Morhen;boy;Come. Meet my family.
308;1;2;Kaer Morhen;boy;Come.
309;1;2;Kaer Morhen;boy;Mother, I brought someone to join us.
310;1;2;Kaer Morhen;boy;This is...
311;1;2;Kaer Morhen;ciri;Fiona.
312;1;2;Kaer Morhen;woman;Look at you in your little cloak.
313;1;2;Kaer Morhen;boy;[boy] Our father just died.
314;1;2;Kaer Morhen;woman;Fighting to defend that wretched bitch and her wretched family.
315;1;2;Kaer Morhen;boy;Mother, stop.  It wasn't Queen Calanthe's fault.
316;1;2;Kaer Morhen;boy;Nilfgaard only got past Cintran borders because of elven spies.
317;1;2;Kaer Morhen;boy;Technically, it was the elves' land first.
318;1;2;Kaer Morhen;boy;Our brother died for that land.
319;1;2;Kaer Morhen;woman;And your father died for Calanthe's selfishness.
320;1;2;Kaer Morhen;woman;One conflict after another.
321;1;2;Kaer Morhen;woman;Robbing us of our homes,  our men, and our lives.
322;1;2;Kaer Morhen;woman;When will it stop?
323;1;2;Kaer Morhen;boy;When I'm a knight.
324;1;2;Kaer Morhen;boy;I'll have enough coin to rebuild our house.
325;1;2;Kaer Morhen;ciri;You're to be a knight?
326;1;2;Kaer Morhen;boy;I have to apprentice, but I'll be ready when Cintra rises again.
327;1;2;Kaer Morhen;woman;[mother] To order and dignity.
328;1;2;Kaer Morhen;boy;Oh, child. Your shoes.
329;1;2;Kaer Morhen;woman;Let's get you a fresh pair, why don't we?
330;1;2;Kaer Morhen;ciri;That'd be wonderful. Thank you.
331;1;2;Kaer Morhen;woman;Abbott.
332;1;2;Kaer Morhen;woman;Don't worry. He's one of the clean ones.
333;1;2;Kaer Morhen;jaskier;[bard] Reading between the lines and the gut punches, chum,
334;1;2;Kaer Morhen;jaskier;I'd say you have got  a bit of a... an image problem.
335;1;2;Kaer Morhen;jaskier;Were I to join you on this...
336;1;2;Kaer Morhen;jaskier;feat to defeat the devil of Posada,
337;1;2;Kaer Morhen;jaskier;I could relieve you of that title.
338;1;2;Kaer Morhen;jaskier;All the North would be too busy singing the tales of...
339;1;2;Kaer Morhen;jaskier;Geralt of Rivia,  the-the White Wolf or-or something.
340;1;2;Kaer Morhen;geralt;Butcher is right.
341;1;2;Kaer Morhen;jaskier;Mind if I hop up? I'm not wearing the right footwear.
342;1;2;Kaer Morhen;geralt;Don't touch Roach.
343;1;2;Kaer Morhen;jaskier;Yeah, right, yeah.
344;1;2;Kaer Morhen;jaskier;The elves called this Dol Blathanna before bequeathing it to the humans
345;1;2;Kaer Morhen;jaskier;and retreating into their golden palaces in the mountains.
346;1;2;Kaer Morhen;jaskier;There I go again, just... delivering exposition.
347;1;2;Kaer Morhen;jaskier;Geralt?
348;1;2;Kaer Morhen;jaskier;Geralt? Wh-Where are you going?
349;1;2;Kaer Morhen;jaskier;Geralt, don't leave me.
350;1;2;Kaer Morhen;jaskier;Hello?
351;1;2;Kaer Morhen;jaskier;What are we looking for again?
352;1;2;Kaer Morhen;jaskier;Blessed silence.
353;1;2;Kaer Morhen;;[grasshoppers chirping]
354;1;2;Kaer Morhen;jaskier;Yeah, I don't really go in for that.  Have you ever hunted a devil before?
355;1;2;Kaer Morhen;geralt;Devils don't exist.
356;1;2;Kaer Morhen;jaskier;Right.
357;1;2;Kaer Morhen;jaskier;Obviously. Then, uh... then what are we doing?
358;1;2;Kaer Morhen;geralt;Sometimes there's monsters, sometimes there's money.
359;1;2;Kaer Morhen;geralt;Rarely both.
360;1;2;Kaer Morhen;geralt;That's the life.
361;1;2;Kaer Morhen;;[projectile hits]
362;1;2;Kaer Morhen;geralt;Shit!
363;1;2;Kaer Morhen;jaskier;Act Two begins!
364;1;2;Kaer Morhen;jaskier;What was that?  Looks like a tiny cannonball from a...
365;1;2;Kaer Morhen;jaskier;Oh, my gosh.
366;1;2;Kaer Morhen;jaskier;Geralt... it is a devil.
367;1;2;Kaer Morhen;jaskier;Ohh.
368;1;2;Kaer Morhen;jaskier;I have to see this magical, this mythi--
369;1;2;Kaer Morhen;;[projectile hits]
370;1;2;Kaer Morhen;Torque the Sylvan;Leave me be!
371;1;2;Kaer Morhen;;[yells]
372;1;2;Kaer Morhen;geralt;You talk.
373;1;2;Kaer Morhen;;[yelling]
374;1;2;Kaer Morhen;Torque the Sylvan;Of course I talk!
375;1;2;Kaer Morhen;geralt;What happened with you? Your mother fuck a goat?
376;1;2;Kaer Morhen;Torque the Sylvan;I am Torque the Sylvan, a rare and intelligent creature!
377;1;2;Kaer Morhen;geralt;You're a dick. With balls.
378;1;2;Kaer Morhen;Torque the Sylvan;Balls I got from humans,
379;1;2;Kaer Morhen;Torque the Sylvan;who left our food filled with iron meant to poison me!
380;1;2;Kaer Morhen;geralt;Ow!
381;1;2;Kaer Morhen;Torque the Sylvan;Did your mother fuck a snowman?
382;1;2;Kaer Morhen;geralt;You are intelligent, I'll give you that.
383;1;2;Kaer Morhen;geralt;So I won't kill you, but you can't stay here.
384;1;2;Kaer Morhen;elf;Neither can you.
385;1;2;Kaer Morhen;tissaia;Look into her eyes.
386;1;2;Kaer Morhen;tissaia;Look until a door becomes a window.
387;1;2;Kaer Morhen;tissaia;Seek to understand your partner's greatest fears.
388;1;2;Kaer Morhen;yennefer;With our eyes?
389;1;2;Kaer Morhen;tissaia;No, piglet. With chaos.
390;1;2;Kaer Morhen;tissaia;Thought transference should flow through you,
391;1;2;Kaer Morhen;tissaia;like learning to dance or swim or kiss.
392;1;2;Kaer Morhen;anica;Come on, you can do it.
393;1;2;Kaer Morhen;;[sighs]
394;1;2;Kaer Morhen;;[sighs]
395;1;2;Kaer Morhen;;[whispering voices]
396;1;2;Kaer Morhen;;...drowning...
397;1;2;Kaer Morhen;yennefer;Anica's worst fear is snakes.
398;1;2;Kaer Morhen;tissaia;Come here.
399;1;2;Kaer Morhen;tissaia;You take weeks to lift your stone.
400;1;2;Kaer Morhen;tissaia;You can't bend water.
401;1;2;Kaer Morhen;tissaia;You struggle to perform the simplest physical tasks.
402;1;2;Kaer Morhen;tissaia;And now you lie to me?
403;1;2;Kaer Morhen;tissaia;Your worst fear makes such sense.
404;1;2;Kaer Morhen;tissaia;Even if you were a beauty, still, no one would love you.
405;1;2;Kaer Morhen;yennefer;Tissaia's right.
406;1;2;Kaer Morhen;yennefer;I've been here for weeks and can barely do shit.
407;1;2;Kaer Morhen;istredd;See, my thought transference trial at Ban Ard took... three days.
408;1;2;Kaer Morhen;istredd;Boy I was paired with had a phobia of cheese.
409;1;2;Kaer Morhen;yennefer;I want to be good. Good at something.
410;1;2;Kaer Morhen;istredd;You'll get there.
411;1;2;Kaer Morhen;istredd;I didn't give up.
412;1;2;Kaer Morhen;istredd;Now I can read minds.
413;1;2;Kaer Morhen;istredd;Great. Is that what you're doing?
414;1;2;Kaer Morhen;;[sighs]
415;1;2;Kaer Morhen;istredd;You can read me, if you like.
416;1;2;Kaer Morhen;;[scoffs]
417;1;2;Kaer Morhen;yennefer;I don't think it's working.
418;1;2;Kaer Morhen;istredd;You can see.
419;1;2;Kaer Morhen;istredd;You can see.
420;1;2;Kaer Morhen;istredd;Just...
421;1;2;Kaer Morhen;istredd;[sighs] Just look past.
422;1;2;Kaer Morhen;yennefer;I see them.
423;1;2;Kaer Morhen;yennefer;What are they?
424;1;2;Kaer Morhen;istredd;Moon jellyfish.
425;1;2;Kaer Morhen;yennefer;I... I can hear them.
426;1;2;Kaer Morhen;istredd;Cicadas in summer.
427;1;2;Kaer Morhen;;[gasps]
428;1;2;Kaer Morhen;yennefer;I can taste it.
429;1;2;Kaer Morhen;;[laughs]
430;1;2;Kaer Morhen;;Hmm.
431;1;2;Kaer Morhen;;[both sigh]
432;1;2;Kaer Morhen;istredd;It's warm bread.
433;1;2;Kaer Morhen;yennefer;Are these the things you love?
434;1;2;Kaer Morhen;istredd;These are the things I thought you would love.
435;1;2;Kaer Morhen;;[sighs]
436;1;2;Kaer Morhen;woman;So tired.
437;1;2;Kaer Morhen;woman;But I can't sleep, either.
438;1;2;Kaer Morhen;woman;You're still scared, aren't you?
439;1;2;Kaer Morhen;woman;Well, you're safe now.
440;1;2;Kaer Morhen;woman;I've got you.
441;1;2;Kaer Morhen;ciri;I'm looking for...
442;1;2;Kaer Morhen;ciri;for Geralt of Rivia.
443;1;2;Kaer Morhen;ciri;Do you know him?
444;1;2;Kaer Morhen;woman;Afraid I don't.
445;1;2;Kaer Morhen;woman;He's a knight?
446;1;2;Kaer Morhen;ciri;I don't know.
447;1;2;Kaer Morhen;woman;What about your mother or your father?
448;1;2;Kaer Morhen;ciri;My parents died when I was a baby.
449;1;2;Kaer Morhen;ciri;My grandmother took care of me.
450;1;2;Kaer Morhen;woman;Where is she?
451;1;2;Kaer Morhen;ciri;She, um...
452;1;2;Kaer Morhen;ciri;died.
453;1;2;Kaer Morhen;ciri;In the Nilfgaard attack.
454;1;2;Kaer Morhen;woman;[mother] Oh. I'm so sorry.
455;1;2;Kaer Morhen;ciri;I'm sorry, too.
456;1;2;Kaer Morhen;ciri;For your family.
457;1;2;Kaer Morhen;woman;We'll get through this together.
458;1;2;Kaer Morhen;woman;We take care of our own.
459;1;2;Kaer Morhen;;[sighs]
460;1;2;Kaer Morhen;;[rumbling]
461;1;2;Kaer Morhen;;[thunder crashing]
462;1;2;Kaer Morhen;;[door opens]
463;1;2;Kaer Morhen;tissaia;Get up.
464;1;2;Kaer Morhen;tissaia;Welcome, Fringilla.
465;1;2;Kaer Morhen;tissaia;Welcome, Lark.
466;1;2;Kaer Morhen;tissaia;Welcome, Doralis.
467;1;2;Kaer Morhen;tissaia;Welcome, Sabrina.
468;1;2;Kaer Morhen;tissaia;And welcome back, piglet.
469;1;2;Kaer Morhen;;[thunder claps]
470;1;2;Kaer Morhen;tissaia;Tor Lara, the Tower of the Gull.
471;1;2;Kaer Morhen;tissaia;The most potent place on the continent.
472;1;2;Kaer Morhen;tissaia;Off-limits, except to the Brotherhood of Sorcerers.
473;1;2;Kaer Morhen;sabrina;Why?
474;1;2;Kaer Morhen;;[screaming]
475;1;2;Kaer Morhen;tissaia;This trial tests your ability
476;1;2;Kaer Morhen;tissaia;to control  the ultimate expression of chaos.
477;1;2;Kaer Morhen;tissaia;Catch lightning in a bottle.
478;1;2;Kaer Morhen;anica;That's impossible.
479;1;2;Kaer Morhen;tissaia;No, it's magic.
480;1;2;Kaer Morhen;tissaia;Doralis.
481;1;2;Kaer Morhen;tissaia;Bottle up.
482;1;2;Kaer Morhen;tissaia;Now.
483;1;2;Kaer Morhen;;[whimpering]
484;1;2;Kaer Morhen;fringilla;She's still breathing.
485;1;2;Kaer Morhen;;[thunder rumbles]
486;1;2;Kaer Morhen;tissaia;Lark, move Doralis aside.
487;1;2;Kaer Morhen;tissaia;Anica, your turn next.
488;1;2;Kaer Morhen;tissaia;Quickly.
489;1;2;Kaer Morhen;yennefer;You can do this.
490;1;2;Kaer Morhen;tissaia;[Tissaia] Quickly.
491;1;2;Kaer Morhen;anica;I did it.
492;1;2;Kaer Morhen;;[squeaks]
493;1;2;Kaer Morhen;;[screams]
494;1;2;Kaer Morhen;;[whimpering]
495;1;2;Kaer Morhen;tissaia;Piglet, your turn.
496;1;2;Kaer Morhen;;[whimpering]
497;1;2;Kaer Morhen;tissaia;Faster.
498;1;2;Kaer Morhen;;[screams]
499;1;2;Kaer Morhen;tissaia;[Tissaia]  Sabrina, show these girls how it's done.
500;1;2;Kaer Morhen;;[gasps]
501;1;2;Kaer Morhen;tissaia;[Tissaia] The strong amongst the weak.
502;1;2;Kaer Morhen;;[screaming]
503;1;2;Kaer Morhen;;[scream echoes and fades]
504;1;2;Kaer Morhen;;[thunder rumbles]
505;1;2;Kaer Morhen;;[thunder crashing]
506;1;2;Kaer Morhen;tissaia;What you did there  was pathetic and dangerous.
507;1;2;Kaer Morhen;yennefer;Felt pretty powerful to me.
508;1;2;Kaer Morhen;tissaia;There are mages like Sabrina who ignore their emotions.
509;1;2;Kaer Morhen;tissaia;And then there are mages like us who are consumed by them.
510;1;2;Kaer Morhen;yennefer;Like us?
511;1;2;Kaer Morhen;tissaia;Your first night here at Aretuza, you tried to kill yourself.
512;1;2;Kaer Morhen;tissaia;And tonight, you almost killed someone else.
513;1;2;Kaer Morhen;tissaia;It is your job to control chaos, not become it.
514;1;2;Kaer Morhen;yennefer;I can.
515;1;2;Kaer Morhen;tissaia;But if I send you to advise a king,
516;1;2;Kaer Morhen;tissaia;and your precious little feelings get hurt when he won't listen,
517;1;2;Kaer Morhen;tissaia;and you submit to chaos, he dies, his people turn on us.
518;1;2;Kaer Morhen;tissaia;Whose fault would that be?
519;1;2;Kaer Morhen;yennefer;Mine.
520;1;2;Kaer Morhen;tissaia;No.
521;1;2;Kaer Morhen;tissaia;Mine for letting you ascend.
522;1;2;Kaer Morhen;yennefer;I understand.
523;1;2;Kaer Morhen;tissaia;Do you?
524;1;2;Kaer Morhen;tissaia;You lie. You keep secrets.
525;1;2;Kaer Morhen;tissaia;You succumb to emotion, to weakness.
526;1;2;Kaer Morhen;tissaia;Do you actually have what it takes?
527;1;2;Kaer Morhen;;[men shouting]
528;1;2;Kaer Morhen;;[grunts]
529;1;2;Kaer Morhen;;[grunts]
530;1;2;Kaer Morhen;;[groaning]
531;1;2;Kaer Morhen;;[grunting]
532;1;2;Kaer Morhen;jaskier;This is the part where we escape.
533;1;2;Kaer Morhen;geralt;This is the part where they kill us.
534;1;2;Kaer Morhen;jaskier;Who's they?
535;1;2;Kaer Morhen;;[groans]
536;1;2;Kaer Morhen;elf;[in Elder] Beast!
537;1;2;Kaer Morhen;geralt;Elves.
538;1;2;Kaer Morhen;jaskier;Oi, that's my lute. Give that back.
539;1;2;Kaer Morhen;jaskier;Quick, Geralt. Do your-your witchering--
540;1;2;Kaer Morhen;elf;Shut up!
541;1;2;Kaer Morhen;jaskier;No.
542;1;2;Kaer Morhen;;[groans]
543;1;2;Kaer Morhen;elf;[in Elder] You shut up!
544;1;2;Kaer Morhen;jaskier;My Elder speech is rough. I only got part of that.
545;1;2;Kaer Morhen;elf;Humans, shut up.
546;1;2;Kaer Morhen;jaskier;[in Elder]  Ah, got it, thanks so much.
547;1;2;Kaer Morhen;elf;Do you wanna die right now?
548;1;2;Kaer Morhen;geralt;As opposed to later?
549;1;2;Kaer Morhen;jaskier;No, please, not the lu--
550;1;2;Kaer Morhen;geralt;Leave off!
551;1;2;Kaer Morhen;geralt;He's just a bard.
552;1;2;Kaer Morhen;;[groans]
553;1;2;Kaer Morhen;elf;You don't deserve the air you breathe.
554;1;2;Kaer Morhen;;[lute jangles]
555;1;2;Kaer Morhen;elf;Everything you touch, you destroy.
556;1;2;Kaer Morhen;;[groans]
557;1;2;Kaer Morhen;;[groans]
558;1;2;Kaer Morhen;jaskier;You hide in your golden palaces.
559;1;2;Kaer Morhen;jaskier;You beat a bound man, too scared to even look him in the eye!
560;1;2;Kaer Morhen;elf;Do you like my palace? Hmm?
561;1;2;Kaer Morhen;elf;Does it live up to the tales you humans tell?
562;1;2;Kaer Morhen;;[grunts]
563;1;2;Kaer Morhen;;[laughs]
564;1;2;Kaer Morhen;jaskier;Yeah, take that, pointy.
565;1;2;Kaer Morhen;;[coughing]
566;1;2;Kaer Morhen;;[wheezes and coughs]
567;1;2;Kaer Morhen;jaskier;Wait, what's-what's wrong with her?
568;1;2;Kaer Morhen;geralt;She's sick.
569;1;2;Kaer Morhen;jaskier;Oh, and who's this?
570;1;2;Kaer Morhen;;[coughing]
571;1;2;Kaer Morhen;Torque the Sylvan;He's Filavandrel, King of the Elves.
572;1;2;Kaer Morhen;filavandrel;Not a king. Not by choice.
573;1;2;Kaer Morhen;geralt;You were stealing for them.
574;1;2;Kaer Morhen;Torque the Sylvan;I felt for them. They were forced out of Dol Blathanna.
575;1;2;Kaer Morhen;jaskier;Forced out? No, they chose--
576;1;2;Kaer Morhen;filavandrel;Do you know anyone that would  choose to leave their home? To starve?
577;1;2;Kaer Morhen;filavandrel;To have a Sylvan steal for them?
578;1;2;Kaer Morhen;Torque the Sylvan;Toruviel, no one was supposed to get hurt.
579;1;2;Kaer Morhen;elf;What's two humans in the ground when countless elves have died?
580;1;2;Kaer Morhen;geralt;One human.
581;1;2;Kaer Morhen;geralt;And you can let him go.
582;1;2;Kaer Morhen;filavandrel;Then Posada will learn that we've been stealing.
583;1;2;Kaer Morhen;filavandrel;The humans will attack.
584;1;2;Kaer Morhen;filavandrel;Many will die...
585;1;2;Kaer Morhen;filavandrel;on both sides.
586;1;2;Kaer Morhen;geralt;The lesser evil.
587;1;2;Kaer Morhen;geralt;No matter what you choose,
588;1;2;Kaer Morhen;geralt;you'll come out bloody and hating yourself.
589;1;2;Kaer Morhen;geralt;Trust me.
590;1;2;Kaer Morhen;filavandrel;That's the problem.
591;1;2;Kaer Morhen;filavandrel;I can't.
592;1;2;Kaer Morhen;filavandrel;This is necessary.
593;1;2;Kaer Morhen;geralt;I understand.
594;1;2;Kaer Morhen;geralt;As long as you understand...
595;1;2;Kaer Morhen;geralt;that it won't be long before you follow me in death.
596;1;2;Kaer Morhen;filavandrel;Yes, because they pushed us from viable soil.
597;1;2;Kaer Morhen;filavandrel;Even chaos is polluted.
598;1;2;Kaer Morhen;filavandrel;Synthetically enhanced so humans can make magic.
599;1;2;Kaer Morhen;geralt;Chaos is the same as it's always been.
600;1;2;Kaer Morhen;geralt;Humans just adapted better.
601;1;2;Kaer Morhen;filavandrel;You say adapt, and I say destroy.
602;1;2;Kaer Morhen;geralt;You are choosing to starve.
603;1;2;Kaer Morhen;geralt;You're cutting off your ear  to spite your face.
604;1;2;Kaer Morhen;filavandrel;You think this is about pride?
605;1;2;Kaer Morhen;filavandrel;My elders worked with humans and got robbed of all they had.
606;1;2;Kaer Morhen;filavandrel;And when they fought back, they were slaughtered.
607;1;2;Kaer Morhen;filavandrel;"The Great Cleansing,"" humans call it."""
608;1;2;Kaer Morhen;filavandrel;I called it digging a mass grave for everyone I loved.
609;1;2;Kaer Morhen;filavandrel;And now the humans  proudly watch these very fields grow...
610;1;2;Kaer Morhen;filavandrel;our babies fertilizer for their grain.
611;1;2;Kaer Morhen;filavandrel;I don't wish to bury anyone else.
612;1;2;Kaer Morhen;filavandrel;I was once  Filavandrel of the Silver Towers.
613;1;2;Kaer Morhen;filavandrel;Now I'm Filavandrel of the Edge of the World.
614;1;2;Kaer Morhen;filavandrel;If I bring my people down from these mountains,
615;1;2;Kaer Morhen;filavandrel;it would mean bowing to human sovereignty.
616;1;2;Kaer Morhen;filavandrel;They'll make slaves of us.
617;1;2;Kaer Morhen;filavandrel;Pariahs of half-blood children.
618;1;2;Kaer Morhen;geralt;Then go somewhere else.
619;1;2;Kaer Morhen;geralt;Rebuild.
620;1;2;Kaer Morhen;geralt;Get strong again.
621;1;2;Kaer Morhen;geralt;Show the humans that you are  more than what they fear you to be.
622;1;2;Kaer Morhen;filavandrel;Like you, Witcher?
623;1;2;Kaer Morhen;geralt;I have learned to live with them.
624;1;2;Kaer Morhen;geralt;So that I may live.
625;1;2;Kaer Morhen;elf;Please, my King.
626;1;2;Kaer Morhen;elf;There are others. A new generation.
627;1;2;Kaer Morhen;elf;Evellien who wish to fight!
628;1;2;Kaer Morhen;elf;Let us take back what's ours.
629;1;2;Kaer Morhen;elf;Starting now.
630;1;2;Kaer Morhen;Torque the Sylvan;Wait!
631;1;2;Kaer Morhen;filavandrel;Torque, stand aside!
632;1;2;Kaer Morhen;Torque the Sylvan;[Torque] The witcher could've killed me.
633;1;2;Kaer Morhen;Torque the Sylvan;But he didn't.
634;1;2;Kaer Morhen;Torque the Sylvan;He's different.
635;1;2;Kaer Morhen;Torque the Sylvan;Like us.
636;1;2;Kaer Morhen;geralt;If you must kill me...
637;1;2;Kaer Morhen;geralt;I am ready.
638;1;2;Kaer Morhen;geralt;But the Sylvan's right.
639;1;2;Kaer Morhen;geralt;Don't call me human.
640;1;2;Kaer Morhen;yennefer;[Yennefer] She knows about us.
641;1;2;Kaer Morhen;yennefer;I'm gonna be sent home. We'll never see each other again.
642;1;2;Kaer Morhen;istredd;What do you mean, we'll never see each other again?
643;1;2;Kaer Morhen;yennefer;No, no. This-This is not the last time. We-- We'll find a way.
644;1;2;Kaer Morhen;yennefer;How?
645;1;2;Kaer Morhen;yennefer;W-With one of those extra-special portals?
646;1;2;Kaer Morhen;istredd;Oh, look, you know--
647;1;2;Kaer Morhen;istredd;I wish I could show you, but I-I can't risk the knowledge
648;1;2;Kaer Morhen;istredd;reaching the Brotherhood of Sorcerers.
649;1;2;Kaer Morhen;yennefer;Why?
650;1;2;Kaer Morhen;istredd;It's not the method of magic we're taught. It's older. It's more potent.
651;1;2;Kaer Morhen;istredd;It could open doors  that can't be closed again.
652;1;2;Kaer Morhen;yennefer;I don't understand.
653;1;2;Kaer Morhen;yennefer;My worst fear is true.
654;1;2;Kaer Morhen;yennefer;I'm still not enough.
655;1;2;Kaer Morhen;yennefer;Even for you.
656;1;2;Kaer Morhen;;[sighs]
657;1;2;Kaer Morhen;istredd;Come.
658;1;2;Kaer Morhen;istredd;I want to show you.
659;1;2;Kaer Morhen;;[sniffles]
660;1;2;Kaer Morhen;;Come.
661;1;2;Kaer Morhen;;[sighs and sniffles]
662;1;2;Kaer Morhen;istredd;Do you know whose skulls these are?
663;1;2;Kaer Morhen;yennefer;Dead people?
664;1;2;Kaer Morhen;istredd;Dead elves.
665;1;2;Kaer Morhen;istredd;These elves built Aretuza.
666;1;2;Kaer Morhen;yennefer;You mean as slaves?
667;1;2;Kaer Morhen;istredd;No, no. This was before humans.
668;1;2;Kaer Morhen;istredd;Elves are the original sorcerers of the continent.
669;1;2;Kaer Morhen;yennefer;What?
670;1;2;Kaer Morhen;istredd;When humans and monsters all arrived after the Conjunction of the Spheres...
671;1;2;Kaer Morhen;istredd;elven mages taught the first humans how to turn chaos into magic.
672;1;2;Kaer Morhen;istredd;And then...  the humans slaughtered them...
673;1;2;Kaer Morhen;istredd;so they could pretend the power had always belonged to them.
674;1;2;Kaer Morhen;;[sighs]
675;1;2;Kaer Morhen;istredd;Rewriting history  with the stories we tell...
676;1;2;Kaer Morhen;istredd;the songs we sing  about our own triumphs, it's what we do.
677;1;2;Kaer Morhen;istredd;But I want to honor them.
678;1;2;Kaer Morhen;istredd;Feainnewedd only grows where elder blood has spilled.
679;1;2;Kaer Morhen;istredd;Open your mouth.
680;1;2;Kaer Morhen;;[speaking Elder]
681;1;2;Kaer Morhen;;[speaking Elder]
682;1;2;Kaer Morhen;;[whooshing]
683;1;2;Kaer Morhen;;[rumbling]
684;1;2;Kaer Morhen;istredd;How did-How did you do that  on your first try?
685;1;2;Kaer Morhen;yennefer;I should go.
686;1;2;Kaer Morhen;;[portal closes]
687;1;2;Kaer Morhen;istredd;W-W-Wait-Wait.
688;1;2;Kaer Morhen;istredd;Wait. Wait.
689;1;2;Kaer Morhen;;[gasps]
690;1;2;Kaer Morhen;istredd;[whispers] Wait.
691;1;2;Kaer Morhen;yennefer;My father...
692;1;2;Kaer Morhen;yennefer;My real father...
693;1;2;Kaer Morhen;yennefer;he was half-elf.
694;1;2;Kaer Morhen;yennefer;Do you remember the Great Cleansing?
695;1;2;Kaer Morhen;istredd;Thousands of elven lives lost.
696;1;2;Kaer Morhen;;[sobs]
697;1;2;Kaer Morhen;yennefer;That's how my father died.
698;1;2;Kaer Morhen;yennefer;His blood is... why I'm cursed with a twisted spine.
699;1;2;Kaer Morhen;yennefer;Why I'm only worth four marks.
700;1;2;Kaer Morhen;yennefer;Why no one could ever love me.
701;1;2;Kaer Morhen;istredd;So far, so good.
702;1;2;Kaer Morhen;;[laughs]
703;1;2;Kaer Morhen;yennefer;[Yennefer] What will you do with it?
704;1;2;Kaer Morhen;tissaia;Nothing.
705;1;2;Kaer Morhen;tissaia;Simply wanted to know
706;1;2;Kaer Morhen;tissaia;that you could control your emotions and get it from the boy.
707;1;2;Kaer Morhen;tissaia;That you would.
708;1;2;Kaer Morhen;tissaia;You may go...
709;1;2;Kaer Morhen;tissaia;Yennefer.
710;1;2;Kaer Morhen;yennefer;Does this mean I get to ascend?
711;1;2;Kaer Morhen;yennefer;I'm ready.
712;1;2;Kaer Morhen;tissaia;Listen for the knock.
713;1;2;Kaer Morhen;;[door opens]
714;1;2;Kaer Morhen;;[door closes]
715;1;2;Kaer Morhen;strengoborn;You've been working on her for months.
716;1;2;Kaer Morhen;strengoborn;You must be able to give me something.
717;1;2;Kaer Morhen;strengoborn;Make Ban Ard proud.
718;1;2;Kaer Morhen;istredd;Sh-She's part elf.
719;1;2;Kaer Morhen;;[screaming]
720;1;2;Kaer Morhen;;[gasps]
721;1;2;Kaer Morhen;;[man shouts]
722;1;2;Kaer Morhen;men;Nilfgaard! They're here! They're here!
723;1;2;Kaer Morhen;ciri;What's happening?
724;1;2;Kaer Morhen;woman;Go get the horse.
725;1;2;Kaer Morhen;woman;Find Adon and Zeke. And take this.
726;1;2;Kaer Morhen;woman;You stupid little shit! Pick it up and go!
727;1;2;Kaer Morhen;woman;Go!
728;1;2;Kaer Morhen;;[grunts]
729;1;2;Kaer Morhen;;[screams]
730;1;2;Kaer Morhen;;[gasps]
731;1;2;Kaer Morhen;;[moans]
732;1;2;Kaer Morhen;;[grunting]
733;1;2;Kaer Morhen;;[screaming]
734;1;2;Kaer Morhen;woman;[screams] Help!
735;1;2;Kaer Morhen;;[wailing]
736;1;2;Kaer Morhen;;[yelps]
737;1;2;Kaer Morhen;ciri;It's you. Wait.
738;1;2;Kaer Morhen;;[weapons clashing]
739;1;2;Kaer Morhen;;[screaming]
740;1;2;Kaer Morhen;;[weapon slashes]
741;1;2;Kaer Morhen;;[man groans]
742;1;2;Kaer Morhen;;[woman] Go on!
743;1;2;Kaer Morhen;;[horse neighs]
744;1;2;Kaer Morhen;;[footsteps approach]
745;1;2;Kaer Morhen;;[shudders]
746;1;2;Kaer Morhen;;[knocking on door]
747;1;2;Kaer Morhen;tissaia;[Tissaia] Anica.
748;1;2;Kaer Morhen;;[footsteps approach]
749;1;2;Kaer Morhen;;[footsteps draw closer]
750;1;2;Kaer Morhen;;[footsteps fade]
751;1;2;Kaer Morhen;;[knocking on door]
752;1;2;Kaer Morhen;tissaia;Doralis.
753;1;2;Kaer Morhen;;[sighs]
754;1;2;Kaer Morhen;;[whooshing]
755;1;2;Kaer Morhen;;[Tissaia speaking Elder]
756;1;2;Kaer Morhen;;[continues speaking Elder]
757;1;2;Kaer Morhen;;[speaks Elder]
758;1;2;Kaer Morhen;tissaia;[in English] Come forth, Yennefer.
759;1;2;Kaer Morhen;yennefer;You turned my friend into a slug.
760;1;2;Kaer Morhen;tissaia;An eel.
761;1;2;Kaer Morhen;tissaia;Come. Push your friend into the pool.
762;1;2;Kaer Morhen;yennefer;No.
763;1;2;Kaer Morhen;tissaia;Yes.
764;1;2;Kaer Morhen;tissaia;I took away her control, but she still has power.
765;1;2;Kaer Morhen;yennefer;She's a conduit.
766;1;2;Kaer Morhen;yennefer;For Aretuza.
767;1;2;Kaer Morhen;tissaia;Sometimes the best thing a flower can do for us is die.
768;1;2;Kaer Morhen;;[bird calling]
769;1;2;Kaer Morhen;jaskier;[bard] Credit where credit is due.
770;1;2;Kaer Morhen;jaskier;That whole reverse-psychology thing you did on them was brilliant, by the way.
771;1;2;Kaer Morhen;jaskier;"[imitates Geralt] Kill me. I'm ready."""""
772;1;2;Kaer Morhen;jaskier;That's the conclusion.
773;1;2;Kaer Morhen;jaskier;They just let us go, and you give  all of Nettly's coin to the elves.
774;1;2;Kaer Morhen;geralt;Filavandrel's lute  not gift enough for you?
775;1;2;Kaer Morhen;jaskier;Yeah, she is a bit sexy, isn't she?
776;1;2;Kaer Morhen;jaskier;I do have respect for Filavandrel.
777;1;2;Kaer Morhen;jaskier;He survived the Great Cleansing once. Who knows? Maybe he can do it again.
778;1;2;Kaer Morhen;jaskier;Be reborn.
779;1;2;Kaer Morhen;jaskier;<song> Will the elf king heed <song>
780;1;2;Kaer Morhen;jaskier;<song> What the witcher entreats? <song>
781;1;2;Kaer Morhen;jaskier;<song> Is history a wheel <song>
782;1;2;Kaer Morhen;jaskier;<song> Doomed to repeat? <song>
783;1;2;Kaer Morhen;jaskier;No, that's... that's shit.
784;1;2;Kaer Morhen;geralt;This is where we part ways,  bard, for good.
785;1;2;Kaer Morhen;jaskier;I promised to change the public's tune  about you. At least allow me to try.
786;1;2;Kaer Morhen;;[strumming lute]
787;1;2;Kaer Morhen;jaskier;<song> When a humble bard <song>
788;1;2;Kaer Morhen;jaskier;<song> Graced a ride along <song>
789;1;2;Kaer Morhen;jaskier;<song> With Geralt of Rivia <song>
790;1;2;Kaer Morhen;jaskier;<song> Along came this... song <song>
791;1;2;Kaer Morhen;jaskier;<song> From when the White Wolf fought <song>
792;1;2;Kaer Morhen;ciri;[gasps] You're an elf.
793;1;2;Kaer Morhen;jaskier;<song> A silver-tongued devil <song>
794;1;2;Kaer Morhen;jaskier;<song> His army of elves <song>
795;1;2;Kaer Morhen;jaskier; <song> At his hooves did they travel <song>
796;1;2;Kaer Morhen;ciri; Thank you.
797;1;2;Kaer Morhen;dara;I'm Dara.
798;1;2;Kaer Morhen;jaskier;<song> They came after me <song>
799;1;2;Kaer Morhen;jaskier;<song> With masterful deceit <song>
800;1;2;Kaer Morhen;ciri;I'm Ciri.
801;1;2;Kaer Morhen;jaskier;<song> Broke down my lute <song>
802;1;2;Kaer Morhen;jaskier;<song> And they kicked in my teeth <song>
803;1;2;Kaer Morhen;jaskier;<song> While the devil's horns <song>
804;1;2;Kaer Morhen;jaskier;<song> Minced our tender meat <song>
805;1;2;Kaer Morhen;jaskier;<song> And so cried the witcher <song>
806;1;2;Kaer Morhen;jaskier;"<song> He can't be bleat--"" <song>"
808;1;2;Kaer Morhen;geralt;Where's your newfound respect?
809;1;2;Kaer Morhen;jaskier;Respect doesn't make history.
810;1;2;Kaer Morhen;;[continues playing]
811;1;2;Kaer Morhen;jaskier;<song> Toss a coin to your witcher <song>
812;1;2;Kaer Morhen;jaskier;<song> O Valley of Plenty <song>
813;1;2;Kaer Morhen;jaskier;<song> O Valley of Plenty, oh-oh-oh <song>
814;1;2;Kaer Morhen;jaskier;<song> Toss a coin to your witcher <song>
815;1;2;Kaer Morhen;jaskier;<song> O Valley of Plenty <song>
816;1;2;Kaer Morhen;;[sighs]
817;1;2;Kaer Morhen;jaskier;<song> At the edge of the world <song>
818;1;2;Kaer Morhen;geralt;Hmm.
819;1;2;Kaer Morhen;jaskier;<song> Fight the mighty horn <song>
820;1;2;Kaer Morhen;jaskier;<song> That bashes and breaks you <song>
821;1;2;Kaer Morhen;jaskier;<song> And brings you to mourn <song>
822;1;2;Kaer Morhen;jaskier;<song> He thrust every elf <song>
823;1;2;Kaer Morhen;jaskier;<song> Far back on the shelf <song>
824;1;2;Kaer Morhen;jaskier;<song> High up on the mountain <song>
825;1;2;Kaer Morhen;jaskier;<song> From whence it came <song>
826;1;2;Kaer Morhen;jaskier;<song> He wiped out your pest <song>
827;1;2;Kaer Morhen;jaskier;<song> Got kicked in his chest <song>
828;1;2;Kaer Morhen;jaskier;<song> He's a friend of humanity <song>
829;1;2;Kaer Morhen;jaskier;<song> So give him the rest <song>
830;1;2;Kaer Morhen;jaskier;<song> That's my epic tale <song>
831;1;2;Kaer Morhen;jaskier;<song> Our champion prevailed <song>
832;1;2;Kaer Morhen;jaskier;<song> Defeated the villain <song>
833;1;2;Kaer Morhen;jaskier;<song> Now pour him some ale <song>
834;1;2;Kaer Morhen;jaskier;<song> Toss a coin to your witcher <song>
835;1;2;Kaer Morhen;jaskier;<song> O Valley of Plenty
836;1;2;Kaer Morhen;jaskier;<song> O Valley of Plenty, oh-oh-oh <song>
837;1;2;Kaer Morhen;jaskier;<song> Toss a coin to your witcher <song>
838;1;2;Kaer Morhen;jaskier;<song> A friend of humanity <song>
839;1;2;Kaer Morhen;jaskier;<song> Toss a coin to your witcher <song>
840;1;2;Kaer Morhen;jaskier;<song> O Valley of Plenty <song>
841;1;2;Kaer Morhen;jaskier;<song> O Valley of Plenty, oh-oh-oh <song>
842;1;2;Kaer Morhen;jaskier;<song> Toss a coin to your witcher <song>
843;1;2;Kaer Morhen;jaskier;<song> A friend of humanity <song>
844;1;2;Kaer Morhen;jaskier;<song> Toss a coin to your witcher <song>
845;1;2;Kaer Morhen;jaskier;<song> O Valley of Plenty <song>
846;1;2;Kaer Morhen;jaskier;<song> O Valley of Plenty, oh-oh-oh <song>
847;1;2;Kaer Morhen;jaskier;<song> Toss a coin to your witcher <song>
848;1;2;Kaer Morhen;jaskier;<song> A friend of humanity <song>
