Number;Start time in milliseconds;End time in milliseconds;"Text"
1;7458,3334;9458,3334;"[lute playing]"
2;11625;14375;"[Jaskier]
 ♪ I'm weak, love, and I am wanting ♪"
3;15000;17625;"♪ If this is the path I must trudge ♪"
4;17708,3334;19416,6667;"♪ I'll welcome my sentence ♪"
5;19500;21375;"♪ Give to you my penance ♪"
6;21875;26833,3334;"♪ Gorgeous garroter, jury and judge ♪"
7;28000;29750;"♪ Lovely garroter... ♪"
8;30708,3334;32166,6667;"♪ Gorgeous garro-- ♪"
9;33166,6667;35625;"Which one do you prefer?
"Lovely"? "Gorgeous"?"
10;35708,3334;36583,3334;"[horse snorts]"
11;36666,6667;39291,6667;"Is the whole metaphor landing,
or is it too cerebral?"
12;39875;41750;"-It's been an hour.
-[Jaskier]  ♪ Gorgeous... ♪"
13;41833,3334;43791,6667;"Let's get on
before the beast gets hungry again."
14;43875;46833,3334;"-But we made a deal.
-We made a deal with a livin' witcher."
15;47333,3334;49625;"No sense in hangin' around
to pay a dead one."
16;49708,3334;51041,6667;"[Jaskier] ♪ Gorgeous garro-- ♪"
17;51708,3334;54166,6667;"-[man grunts]
-Bollocks! Oi! No. No, no, no! No!"
18;54250;56708,3334;"Aah! You stop-- stop that,
or I-- I'll, uh..."
19;56791,6667;57791,6667;"Or you'll what?"
20;58375;59291,6667;"Sing us to death?"
21;60083,3334;61750;"Perhaps you did not hear the man."
22;61833,3334;63666,6667;"[Jaskier] Yeah! Perhaps you didn't..."
23;63750;65041,6667;"Di-- Sorry, who are you?"
24;65833,3334;66750;"Move along,"
25;67208,3334;68208,3334;"old man."
26;69375;72458,3334;"Do as the bard asks
or I'll be forced to draw my weapons."
27;72875;73916,6667;"What weapons?"
28;74875;76333,3334;"I see no steel 'ere."
29;76416,6667;77666,6667;"-Hm!
-[cries out]"
30;77750;80208,3334;"-[yells]
-Oh! [exclaims]"
31;80625;81916,6667;"Steel won't be necessary."
32;82000;83375;"[Jaskier breathing heavily]"
33;92208,3334;93291,6667;"I believe those are mine."
34;95500;98250;"[Jaskier stammers] 
Geralt, they--  With the--"
35;98333,3334;100416,6667;"This woman just killed a man
with her bare hands"
36;100500;102041,6667;"for trying to steal your horse."
37;102125;104375;"Maybe she'll make
a better travel companion, then."
38;105458,3334;108041,6667;"Uh, I'm sorry, who are you, exactly?"
39;108458,3334;110791,6667;"I am Borch Three Jackdaws."
40;111208,3334;113916,6667;"These are my companions,
Téa and Véa."
41;115291,6667;118125;"I've been looking for you,
Geralt of Rivia."
42;122541,6667;125291,6667;"This is a first for me,
and that's saying something."
43;125375;126875;"I've very few firsts left."
44;128041,6667;130916,6667;"But to dine with the Geralt of Rivia..."
45;131625;133125;"Your adventures are legend."
46;133208,3334;134291,6667;"You're welcome."
47;134375;136000;"Est Est, small."
48;136083,3334;138416,6667;"I suppose you want me to tell you
why I've sought out"
49;138500;140416,6667;"such an accomplished monster hunter."
50;140500;142500;"-Don't trouble yourself on my account.
-[chuckling]"
51;142583,3334;145208,3334;"-[Geralt] I just want food.
-I knew I'd like you."
52;145291,6667;146625;"That was the first reason."
53;147416,6667;150416,6667;"One of everything you have.
And keep the ale coming!"
54;150500;151666,6667;"[innkeeper] On its way!"
55;153416,6667;155041,6667;"The second one is this."
56;155875;156875;"A short while ago,"
57;156958,3334;161625;"a green dragon landed across the border
in King Niedamir's mountains."
58;163375;164541,6667;"I know what you're thinking."
59;165541,6667;168166,6667;""Impossible, dragons are so rare.""
60;168875;169708,3334;"But it's true."
61;170583,3334;173708,3334;"Locals spotted it
and went after it in search of treasure."
62;173791,6667;176791,6667;"Of course, they succeeded only
in wounding the creature"
63;176875;178708,3334;"and angering it so righteously"
64;178791,6667;181958,3334;"that it swooped down from its lair
and set half a hillside ablaze."
65;182416,6667;184375;"-Hm.
-[Borch] Dead sheep everywhere."
66;184791,6667;186125;"You have the most incredible neck."
67;187125;189875;"-[sighs]
-It's like a... a sexy goose."
68;189958,3334;191291,6667;"Ugh."
69;192041,6667;193166,6667;"Gu-- guzzling."
70;193250;195125;"[Borch] Now, the King is in a bind."
71;195458,3334;199291,6667;"He's set to marry the princess
of his rival kingdom, Malleore,"
72;199375;200750;"which means it's bad timing"
73;200833,3334;203583,3334;"to have a murderous pest lurking about
in the mountains."
74;204333,3334;206750;"He's commissioned a hunt to kill it."
75;207500;209208,3334;"Four teams have signed on."
76;209666,6667;211750;"The winner gets the dragon treasure hoard"
77;211833,3334;215375;"plus the title of lord
over one of his new vassal states."
78;215458,3334;217333,3334;"That is... if he survives."
79;218500;220458,3334;"What does this have to do with me?"
80;223375;225291,6667;"I want you to join my team."
81;237916,6667;239291,6667;"[Jaskier] I can hear it now,"
82;239375;241458,3334;"a tale of two Zerrikanians"
83;241541,6667;244333,3334;"and their valiant poet lover."
84;244416,6667;247291,6667;"Oh! [chuckles]
We're so doing this. We're in."
85;248333,3334;250208,3334;"You've wasted your breath, Borch."
86;251250;252583,3334;"I don't kill dragons."
87;253000;253916,6667;"[sighs]"
88;254000;255208,3334;"[Geralt] Take my advice."
89;255791,6667;258083,3334;"No treasure is worth dying for."
90;259875;261291,6667;"Depends on the treasure."
91;262833,3334;264958,3334;"What I need is..."
92;265875;267083,3334;"a new adventure."
93;267916,6667;271666,6667;"One final first before I'm too old
to do anything but die."
94;272625;274500;"You think killing a dragon
will bring you that?"
95;276583,3334;279000;"All I know is there's one path
up the mountain,"
96;279083,3334;281250;"and it's overrun with monsters."
97;281333,3334;284833,3334;"With you on my team, dear Witcher,
we'll be unstoppable."
98;285666,6667;288000;"-[men laughing]
-[man] Someone get me a fuckin' drink!"
99;289333,3334;291958,3334;"-Barman!
-Those dwarfs will be part of the hunt."
100;292791,6667;293708,3334;"Barman."
101;293791,6667;296541,6667;"-Geralt could handle them in his sleep.
-Fuckin' right!"
102;298000;301041,6667;"He said he wants four fuckin' pints!"
103;302000;304375;"-Now.
-Or maybe a little bit awake."
104;304750;306458,3334;"[Téa] Then there are the Reavers."
105;308916,6667;310541,6667;"Have you heard of them, Witcher?"
106;310625;311500;"Yes."
107;313583,3334;315083,3334;"And the answer is no."
108;316791,6667;319041,6667;"You feel it just the same as me..."
109;319708,3334;321250;"that hole inside you."
110;321916,6667;324916,6667;"That itch that can't be scratched
that burns your brain,"
111;325000;326500;"keeps you awake at night."
112;328125;328958,3334;"Come with me."
113;329791,6667;331583,3334;"I'll show you what you're missing."
114;333125;334333,3334;"What am I missing?"
115;337375;340458,3334;"Sorry to interrupt this lovely moment...
That's only three."
116;340541,6667;342708,3334;"Where's the-- What's the fourth team?"
117;344125;345416,6667;"-[Geralt] Hm.
-Them."
118;347333,3334;348875;"Oh! [laughs]"
119;349958,3334;352208,3334;"Ooh-hoo-hoo! Oh, no, no, no."
120;352291,6667;354750;"Oh, no, no, no, no, no. 
Thank you so much. It's been very nice."
121;354833,3334;356833,3334;"Thank you for the wine and the pies,"
122;356916,6667;358833,3334;"but as the man said,
we really can't get involved."
123;358916,6667;360000;"Geralt, shall we?"
124;360500;362000;"-I'm in.
-Mother of..."
125;363750;366083,3334;"The hunt begins at sunrise."
126;367083,3334;367916,6667;"[sighs]"
127;383166,6667;386208,3334;"Your man might've mentioned
that the road was too narrow for horses"
128;386291,6667;387791,6667;"in his initial sales pitch."
129;388416,6667;390041,6667;"Welcome to the world, Jaskier."
130;391000;392083,3334;"Damn it to Korath!"
131;392833,3334;393916,6667;"What's got your goat?"
132;394000;395458,3334;"Someone's stolen my pack."
133;395833,3334;397541,6667;"Probably those fuckin' Reavers!"
134;401375;402375;"Aye, well..."
135;402916,6667;405375;"three days' journey
and only one route to the top."
136;405750;409291,6667;"Leaves plenty of time
for me to piss in his gruel! [cackles]"
137;411958,3334;412958,3334;"Aah."
138;419166,6667;420291,6667;"Name's Yarpen Zigrin."
139;422000;423166,6667;"Geralt of Rivia."
140;423250;426458,3334;"-And my name is Julian Alfred Pankratz--
-Aye. I know."
141;427750;430708,3334;"You'll fetch a goodly amount for that mare
if you sell now!"
142;432083,3334;435541,6667;"Charming how everyone wants to get
their hands on Roach these days, isn't it?"
143;435625;437416,6667;"He means we won't make it out alive."
144;438166,6667;440791,6667;"Wait, what? No one mentioned anything
about impending death!"
145;440875;444083,3334;"How is it
that I've walked this earth for decades"
146;444166,6667;445791,6667;"without coming across a witcher,"
147;446291,6667;448791,6667;"and then the first one I meet,
I can't get rid of?"
148;448875;450625;"[Jaskier] I'd say
something strange was afoot,"
149;450708,3334;453875;"but then again, witchers are bound
to bump into monsters eventually."
150;453958,3334;455625;"[laughs]"
151;455708,3334;457458,3334;"-Jaskier.
-[Jaskier] Yennefer."
152;457958,3334;459208,3334;"The crow's feet are new."
153;460416,6667;461875;"Yeah, well, your jokes are..."
154;463708,3334;464541,6667;"old."
155;465083,3334;466000;"[scoffs]"
156;468208,3334;469625;"[nickers]"
157;469708,3334;470708,3334;"Thanks, Roach."
158;472666,6667;475541,6667;"-What are you doing here, Yen?
-[Yennefer] I'm here with my escort."
159;475625;477541,6667;"Noble Sir Eyck of Denesle."
160;478500;480375;"To assist him in killing the dragon."
161;482000;484166,6667;"For kingdom and glory!"
162;487375;488750;"Till we meet again, Geralt."
163;504125;505166,6667;"See you, Roach."
164;509041,6667;511375;"[bugle blowing]"
165;515666,6667;517500;"[bugle blowing continues]"
166;534250;535750;"[Ciri] Who is Geralt, exactly?"
167;536666,6667;538416,6667;"Did my grandmother know him well?"
168;538500;542250;"Why did she never mention him
to me before... that night?"
169;542333,3334;544833,3334;"Protecting you has always been
our primary purpose."
170;544916,6667;547125;"Why'd she let him claim
the Law of Surprise?"
171;547916,6667;549208,3334;"What's that even mean?"
172;549291,6667;551708,3334;"When one has saved another
from certain death,"
173;552125;554416,6667;"the Law of Surprise can be claimed"
174;554916,6667;556000;"to pay that debt."
175;556541,6667;557583,3334;"[Ciri] Who did Geralt save?"
176;558208,3334;560333,3334;"[sighs] Your father."
177;562041,6667;564583,3334;"Duny. In payment, he bound you to Geralt."
178;566250;568208,3334;"-It's your destiny.
-[scoffs]"
179;569125;570916,6667;"Then why hasn't he found me yet?"
180;571000;572458,3334;"Questions, questions."
181;575708,3334;577000;"You'll be together soon."
182;578666,6667;580708,3334;"Exactly as your grandmother wished."
183;596333,3334;598208,3334;"Make haste, children."
184;619333,3334;622375;"[Jaskier] It is so kind of you
to share the spoils of this expedition"
185;622458,3334;623958,3334;"with an old man such as Borch."
186;624833,3334;627708,3334;"You're like two fiercely loyal..."
187;628416,6667;629666,6667;"uh, friends."
188;629750;631458,3334;"I wanna say friends. Relatives."
189;632208,3334;633333,3334;"Contract security."
190;633416,6667;636750;"To hunt with him is an honor
unsullied by payment."
191;636833,3334;638333,3334;"But why? [chuckles]"
192;640291,6667;641916,6667;"He is the most beautiful."
193;644333,3334;645541,6667;"[sighs]"
194;651500;654125;"You worry if you blink,
you'll never see her again."
195;655666,6667;656916,6667;"You're in love with her."
196;657750;658666,6667;"Or..."
197;659375;661416,6667;"the danger here isn't the dragon."
198;662041,6667;664708,3334;"[Borch] That's why I brought you along,
Geralt of Rivia."
199;665666,6667;667208,3334;"Nothing scares you."
200;667291,6667;668291,6667;"[Geralt] Huh."
201;668375;670666,6667;"Then you don't know
Yennefer of Vengerberg."
202;670750;672000;"[Borch laughs]"
203;672083,3334;674500;"May she be the worst encounter, then."
204;682041,6667;683625;"[Jaskier] Melitele preserve us."
205;684791,6667;686041,6667;"What happened here?"
206;690250;692041,6667;"[Geralt] Dragons avoid people."
207;692125;694166,6667;"It should have left when they attacked."
208;694750;697083,3334;"I don't get it. Why the retaliation?"
209;698458,3334;701041,6667;"When your species is
on the verge of collapse,"
210;701708,3334;703958,3334;"perhaps everything becomes more desperate."
211;709625;711708,3334;"[Jaskier] Yeah, I mean, you can use twigs,"
212;712250;714125;"uh, but I-- I mean, I personally prefer..."
213;714583,3334;715791,6667;"using flowers, you know?"
214;716208,3334;717166,6667;"Roses."
215;717250;718375;"Daffodils."
216;718458,3334;720625;"-[hissing]
-Flora and, yikes, fauna."
217;720708,3334;722083,3334;"A cactus, if she's really into it."
218;722708,3334;724333,3334;"Ladies, you look famished."
219;724416,6667;727291,6667;"Allow me to wander aimlessly
into this thicket"
220;727375;730000;"and retrieve for you, uh..."
221;730083,3334;732625;"a tasty afternoon treat."
222;733416,6667;734708,3334;"Uh... uh..."
223;735166,6667;736333,3334;"Right. Hm."
224;736416,6667;738500;"-I am hungry. Anyone else hungry?
-[sighs]"
225;739083,3334;740875;"I could genuinely eat a..."
226;742125;743166,6667;"Okay."
227;743791,6667;745833,3334;"-[grunts]
-[animal barks]"
228;748666,6667;750666,6667;"[whimpering]"
229;752250;754000;"There's something back here."
230;754541,6667;756166,6667;"It sort of looks like a faun."
231;756250;757833,3334;"-Jaskier...
-[Jaskier] Hello."
232;759083,3334;761000;"-Hello, little fellow.
-[animal whimpering]"
233;761083,3334;763416,6667;"Aw! Aren't you just the cutest..."
234;763500;765041,6667;"[animal growls]"
235;765125;766750;"[stammers] Most..."
236;766833,3334;768916,6667;"terrifying thing I've ever seen
in my entire life."
237;769000;770458,3334;"Right, run away! Run away! Geralt!"
238;771666,6667;773125;"[animal growling]"
239;773791,6667;775583,3334;"It's one of your... friends again."
240;776833,3334;777916,6667;"[exclaims]"
241;778000;779000;"[low growl]"
242;779083,3334;782125;"-What in the name of Bloemenmagde is that?
-[Geralt] It's an hirikka."
243;782208,3334;784583,3334;"It's probably starving.
Sheathe your weapons."
244;785250;786875;"-[grunts]
-[roars]"
245;787916,6667;789208,3334;"[whimpers]"
246;789291,6667;791166,6667;"-[yells]
-[hirikka cries]"
247;794000;796250;"-[Eyck grunting]
-[slashing and thumping]"
248;796916,6667;798916,6667;"[yelling]"
249;802125;803625;"[continues yelling]"
250;805833,3334;807583,3334;"[panting]"
251;808375;810416,6667;"-For kingdom and glory!
-Sir Eyck!"
252;811333,3334;812500;"[sighs] Yeah..."
253;812583,3334;814000;"You could have been killed!"
254;818833,3334;821416,6667;"If we'd fed it, it would've gone away."
255;821500;822333,3334;"Thanks."
256;822750;824708,3334;"That knight may be a fuckin' dumbbell,"
257;824791,6667;827500;"but I'll be damned,
the dragon won't stand a chance."
258;839666,6667;842583,3334;"[Borch] Um... 
I'm not sure I'd eat that, good sir."
259;842666,6667;843666,6667;"[scoffs]"
260;844208,3334;845625;"Knights never waste a kill."
261;846583,3334;847833,3334;"[coughs]"
262;847916,6667;851000;"It's precisely why I'll make a great lord
to Niedamir's vassal state."
263;852041,6667;854166,6667;"A great knight must lead by example."
264;854833,3334;856416,6667;"-For--
-Kingdom and glory."
265;856500;858083,3334;"We know."
266;858166,6667;861333,3334;"My subjects will be the luckiest serfs
in all the lands."
267;862208,3334;864666,6667;"Especially with the beautiful Yennefer
as my mage."
268;865041,6667;868041,6667;"I cannot wait to serve you, My Lord."
269;871000;873166,6667;"How would you like to serve me tonight..."
270;874166,6667;876083,3334;"-Witch?
-Careful, Boholt."
271;876166,6667;877208,3334;"[grunts]"
272;877791,6667;878666,6667;"[chuckles]"
273;878750;881750;"So, the Witcher wants
to play knight too, hmm?"
274;881833,3334;882958,3334;"No."
275;883458,3334;886375;"She's plenty able
of murdering you herself."
276;886458,3334;887708,3334;"[Boholt laughs]"
277;888291,6667;891666,6667;"What's so amusin',
you overgrown cock hair?"
278;891750;894083,3334;"I'm just wondering who I will kill first."
279;895416,6667;896500;"The monster,"
280;898375;899916,6667;"or the monster hunter."
281;900500;901541,6667;"Hm."
282;908291,6667;909458,3334;"[Eyck's stomach gurgles]"
283;909541,6667;910416,6667;"[sighs]"
284;910500;911875;"Oh, dear."
285;912708,3334;915666,6667;"Um... I'm afraid I must take my leave."
286;915750;917916,6667;"Lady Yennefer,
may I escort you to your tent?"
287;918375;919375;"Will you be joining me?"
288;920208,3334;922458,3334;"-Uh... My Lady, I would...
-[stomach gurgling]"
289;922541,6667;924250;"...never degrade your honor
in such a way."
290;924333,3334;927500;"[snorts] I hate to break it to you,
but that ship has sailed,"
291;927583,3334;929541,6667;"wrecked and sunk to the bottom
of the ocean."
292;929625;930458,3334;"Ow."
293;930541,6667;932291,6667;"-[farting]
-Oh..."
294;933083,3334;935333,3334;"[straining] I need a shit."
295;935416,6667;936750;"[laughs]"
296;937708,3334;938833,3334;"[Eyck whimpers]"
297;942708,3334;944541,6667;"[Yarpen] So, shall we tell
the poor bastard"
298;944625;947791,6667;"that he's vying for a vassal state
that won't exist in a decade?"
299;947875;950208,3334;"States rise and fall like the tide."
300;951166,6667;952083,3334;"Nothing new."
301;952166,6667;954333,3334;"This is fuckin' new!"
302;955000;957750;"The rightful son of Nilfgaard
has returned, burnin' through the south."
303;957833,3334;959416,6667;"With Fringilla as his mage."
304;960125;961916,6667;"[laughs] Nilfgaard's a joke."
305;962583,3334;964875;"I saw it with my own eyes
down in Ebbing."
306;966083,3334;968541,6667;"Those zealot freaks are inching closer
by the day."
307;968833,3334;971000;"Won't be long till they try
and take Sodden."
308;971083,3334;972500;"Next it'll be Temeria."
309;973125;973958,3334;"Redania."
310;974750;975833,3334;"-Cintra.
-No."
311;977125;979500;"Queen Calanthe would die
before letting them take what's hers."
312;982083,3334;985916,6667;"Perhaps if Nilfgaard's religious zeal
had been tempered earlier"
313;986000;987833,3334;"by a stronger hand..."
314;993125;994250;"If you'll excuse me,"
315;995541,6667;996916,6667;"I must get my beauty sleep."
316;1000416,6667;1002291,6667;"I don't think it'll make me prettier,"
317;1002958,3334;1004000;"but I need sleep too."
318;1008708,3334;1012291,6667;"So... we're all about to have
new evil overlords,"
319;1012375;1015833,3334;"and dragons are, in fact, a thing."
320;1016208,3334;1019125;"-Good day all round.
-[laughing]"
321;1019791,6667;1021916,6667;"Oh, you've all seen
a dragon before, have you?"
322;1022000;1023333,3334;"Geralt, will you please tell them?"
323;1024333,3334;1025916,6667;"Their numbers are dwindling."
324;1026791,6667;1029708,3334;"Treasure seekers saw to that.
But they do exist."
325;1030791,6667;1033375;"What people call "green dragons,""
326;1033916,6667;1035250;"like the one we have here,"
327;1036125;1037333,3334;"they're the most common."
328;1037833,3334;1039125;"Red dragons, less so."
329;1040208,3334;1041833,3334;"Black dragons are the rarest."
330;1042250;1044208,3334;"Gold dragons are rarest."
331;1045458,3334;1047250;"Gold dragons are a myth."
332;1048208,3334;1050291,6667;"For a gold dragon to exist,"
333;1050375;1053583,3334;"it would... have to be the result of..."
334;1054250;1056791,6667;"an accidental, unique mutation."
335;1057208,3334;1059166,6667;"And in my experience,"
336;1059958,3334;1062333,3334;"mutations, they're intentional."
337;1062958,3334;1064250;"But it doesn't matter."
338;1064333,3334;1065375;"Mutant or myth,"
339;1065458,3334;1069125;"gold dragons met the same fate
as anything too different to endure."
340;1072333,3334;1073333,3334;"They died out."
341;1075250;1077333,3334;"There are other ways of enduring."
342;1077875;1079958,3334;"If it's legacy you're after,"
343;1080041,6667;1083833,3334;"perhaps you should take the overgrown
cock hair's advice and become a knight."
344;1083916,6667;1085208,3334;"[laughing]"
345;1085291,6667;1086458,3334;"Sir Witcher..."
346;1087166,6667;1088250;"the White-Haired..."
347;1088833,3334;1089833,3334;"of Rivia."
348;1089916,6667;1091458,3334;"[chuckling]"
349;1092625;1095541,6667;"You'd make a rather shitty one,
refusing to slay dragons."
350;1095625;1097250;"[laughing]"
351;1097333,3334;1101166,6667;"But probably not as shitty a one
as Sir Eyck of Denesle!"
352;1101250;1103375;"[laughing]"
353;1107708,3334;1111291,6667;"[Mousesack] Keep walking.
The Nilfgaardians could be anywhere."
354;1111375;1112541,6667;"We're not safe yet."
355;1112625;1114833,3334;"[Dara] How did you escape the attack,
Mousesack?"
356;1114916,6667;1116041,6667;"[Ciri] Dara, please."
357;1116500;1118375;"[Dara]
Ciri says you vanished into thin air."
358;1118458,3334;1120500;"Why did you abandon your Princess?"
359;1121083,3334;1121916,6667;"We were..."
360;1123416,6667;1126125;"I was pulled through a portal
by Nilfgaard,"
361;1126791,6667;1128916,6667;"kidnapped and held prisoner for days."
362;1129541,6667;1130875;"And how did you escape them?"
363;1131791,6667;1132625;"Geralt."
364;1133416,6667;1135000;"He sent me to get Ciri."
365;1136041,6667;1137000;"The Witcher?"
366;1137500;1139875;"Trained to fight and bound to Ciri."
367;1141125;1144333,3334;"And he rescued you
so you could then rescue her?"
368;1145583,3334;1147250;"-Alone?
-Ask him yourself."
369;1149500;1150666,6667;"He's in a town"
370;1151500;1153333,3334;"just past this thicket of trees."
371;1154791,6667;1156083,3334;"We must find him."
372;1157000;1158041,6667;"To safety."
373;1160166,6667;1161875;"[quietly]
Something's off about this, Ciri."
374;1161958,3334;1164083,3334;"-The waters there were--
-Yes, they've worn off,"
375;1164166,6667;1165875;"which means I'm thinking straight."
376;1166458,3334;1169291,6667;"Do you know what happens to people
who escape a siege?"
377;1169375;1171000;"Because they don't just vanish."
378;1171083,3334;1173166,6667;"They get captured and they get turned."
379;1174208,3334;1176041,6667;"Remember what the Dryad Queen said."
380;1176583,3334;1178333,3334;"-"Ask the right questions."
-[Mousesack sighs]"
381;1178833,3334;1181833,3334;"It's not just your life, Ciri. 
It's mine too."
382;1181916,6667;1183500;"[clinking]"
383;1183583,3334;1186125;"[Mousesack] Princess, I forgot."
384;1186958,3334;1188125;"I brought this for you."
385;1190083,3334;1191333,3334;"My grandmother's sash."
386;1192375;1193708,3334;"[gasps]"
387;1202166,6667;1203750;"[birds chirping]"
388;1219958,3334;1221291,6667;"Has anyone seen my escort?"
389;1223541,6667;1225666,6667;"[Yarpen] Ah! Bloody ball sacks!"
390;1234500;1237375;"Who slits a man's throat
while he's relieving his bowels?"
391;1238708,3334;1240041,6667;"Is nothing sacred anymore?"
392;1240833,3334;1241958,3334;"Ugh."
393;1242791,6667;1243791,6667;"Fuck!"
394;1248916,6667;1252208,3334;"[Véa] We're halfway to the dragon's lair,
but it's getting dangerous."
395;1252791,6667;1256041,6667;"-We cannot continue like this.
-[Yarpen] The warrior woman is right."
396;1256125;1258291,6667;"Someone killed that self-righteous fud,"
397;1258375;1259708,3334;"and it wasn't any of us."
398;1260333,3334;1261916,6667;"Somebody's not playin' fair."
399;1263125;1265166,6667;"Our people used to mine these mountains."
400;1265583,3334;1268166,6667;"We know a shortcut
that will cut half a day off our journey."
401;1268250;1270333,3334;"Let the Reavers take the long way around."
402;1270416,6667;1273333,3334;"We'll nab the treasure
before they even set foot in the cave."
403;1273416,6667;1275875;"We'll watch each other's backs
until we reach the next peak,"
404;1276250;1277625;"then every man for himself."
405;1278541,6667;1280375;"-What say ye?
-Let's go."
406;1280458,3334;1281666,6667;"Aah!"
407;1284125;1285666,6667;"Go on. I'll catch up."
408;1296416,6667;1297458,3334;"Did you kill Eyck?"
409;1298083,3334;1298916,6667;"Kill him?"
410;1299375;1300625;"That's rather pedestrian."
411;1301208,3334;1304208,3334;"And you're the one who's been 
staring daggers at him since we arrived."
412;1306291,6667;1307291,6667;"It was the Reavers."
413;1309000;1310958,3334;"That bastard Boholt killed my escort"
414;1311041,6667;1314541,6667;"before he could accomplish the one
damn task I actually needed him for."
415;1314625;1315625;"And what was that?"
416;1316875;1317708,3334;"Yen!"
417;1319916,6667;1321500;"What are you really doing here?"
418;1322750;1324000;"I'm here for the dragon."
419;1328041,6667;1330833,3334;"There are certain healing properties
it's rumored to possess."
420;1332208,3334;1334583,3334;"I thought your transformation"
421;1334958,3334;1336250;"healed all parts of you?"
422;1337416,6667;1339125;"At the cost of losing others, yes."
423;1340458,3334;1341458,3334;"Yennefer..."
424;1342750;1345041,6667;"do not tell me
you've traveled all this way"
425;1345625;1348541,6667;"for made-up fertility cures
using fresh dragon hearts?"
426;1348625;1350208,3334;"-They're not made up!
-They are."
427;1350666,6667;1351875;"And seriously?"
428;1351958,3334;1353958,3334;"You, a mother?"
429;1354041,6667;1355500;"Do you think I'd make a bad one?"
430;1357375;1358416,6667;"Definitely."
431;1363625;1364458,3334;"Yen..."
432;1366666,6667;1369666,6667;"A child? What could you possibly want
with a child?"
433;1369750;1372333,3334;"They took my choice. I want it back."
434;1375208,3334;1377125;"Not that I'd expect you to understand."
435;1377708,3334;1379708,3334;"I didn't choose to become a witcher."
436;1381458,3334;1383000;"[sighs] Listen..."
437;1384916,6667;1386208,3334;"the people who made us,"
438;1386958,3334;1389166,6667;"they made us sterile for a lot of reasons."
439;1390166,6667;1391541,6667;"One of the kinder ones"
440;1392000;1394916,6667;"is because this lifestyle isn't suited
to a child."
441;1399250;1400083,3334;"What?"
442;1400958,3334;1403041,6667;"You were going to summon chaos
on kings' orders"
443;1403125;1404333,3334;"in between feeding and naps?"
444;1404416,6667;1406916,6667;"-Do not patronize me!
-I'm not."
445;1407500;1409500;"I've thought about this. Often."
446;1410250;1412375;"And I'd rather use
my Child Surprise as bruxa bait"
447;1412458,3334;1414416,6667;"than subject it to this life!"
448;1414500;1415875;"What did you just say?"
449;1416666,6667;1417708,3334;"Uh..."
450;1418208,3334;1419708,3334;"Ah, fuck!"
451;1421208,3334;1422625;"You have a Child Surprise?"
452;1425083,3334;1426541,6667;"[laughs]"
453;1426625;1428125;"Isn't that rich?"
454;1428208,3334;1430958,3334;"You lecture me on made-up cures
for having a child,"
455;1431833,3334;1433958,3334;"meanwhile you cheat with destiny
to steal one."
456;1435375;1437083,3334;"Every time I'm near you,"
457;1438875;1441416,6667;"I say more in five minutes
than I've said in weeks."
458;1443833,3334;1445000;"And I always regret it."
459;1448583,3334;1449666,6667;"[sighs]"
460;1453958,3334;1455041,6667;"The dwarfs,"
461;1456250;1458458,3334;"they're leading us to a shorter path."
462;1459583,3334;1460583,3334;"Come along."
463;1461583,3334;1463000;"I can take care of myself."
464;1463083,3334;1464666,6667;"You don't always have to."
465;1470166,6667;1471166,6667;"Come with me."
466;1482375;1483833,3334;"He's waiting for us."
467;1489250;1491166,6667;"Did you ever stop missing Skellige?"
468;1493500;1494625;"What?"
469;1494708,3334;1497791,6667;"It's just that I don't think
I'll ever stop missing Cintra, but..."
470;1498458,3334;1502000;"you left your home to come raise me,
how did you feel about that?"
471;1503375;1504208,3334;"I was..."
472;1506083,3334;1507125;"very homesick."
473;1510916,6667;1512250;"Remember when we'd visit?"
474;1512875;1514541,6667;"Ice skating with Crach an Craite?"
475;1515833,3334;1518416,6667;"He always said he let me win,
but I was just faster."
476;1519791,6667;1522166,6667;"-Did you miss the cold too?
-Yes, very much."
477;1524125;1526041,6667;"-Except you have arthritis!
-[sighs]"
478;1526125;1527708,3334;"You hate the cold!"
479;1527791,6667;1529875;"And you always said Skellige
was where you came from"
480;1529958,3334;1532083,3334;"but Cintra was your home, with us!"
481;1532583,3334;1534000;"-Hey!
-I've had enough of you."
482;1534083,3334;1537458,3334;"-Mousesack, stop!
-Our name is not Mousesack!"
483;1537958,3334;1539875;"We killed Mousesack"
484;1540375;1542750;"-and took his disgusting form...
-[gasps]"
485;1542833,3334;1545000;"-...to find you.
-[yells]"
486;1547000;1548583,3334;"[groans]"
487;1548666,6667;1551291,6667;"-[sizzling]
-[Doppler yells]"
488;1553375;1555250;"[grunting]"
489;1557166,6667;1559958,3334;"We prefer it like this anyway."
490;1560541,6667;1562583,3334;"[yells]"
491;1567791,6667;1568875;"[groaning]"
492;1568958,3334;1570958,3334;"[rumbling]"
493;1572041,6667;1573708,3334;"[grunting]"
494;1576125;1577416,6667;"[snarls]"
495;1579583,3334;1580958,3334;"[yelling]"
496;1583125;1585291,6667;"Where are you taking us?
Who wants her?"
497;1585375;1588500;"-The man with the winged helmet.
-Why is he going to so much trouble?"
498;1588583,3334;1592083,3334;"I'm special. I don't know how or why,
but there's something inside me."
499;1592666,6667;1594125;"-Kill him!
-What?"
500;1595375;1596375;"Then I'll do it!"
501;1596458,3334;1597750;"Wait, no, no, no, no, no!"
502;1599916,6667;1601208,3334;"[snarling]"
503;1602291,6667;1603125;"[yells]"
504;1617708,3334;1620166,6667;"[Yarpen]
Mind the scree fallin', hear me?"
505;1620250;1622541,6667;"Can get a bit rocky round here
if it's windy."
506;1623250;1624125;"Which..."
507;1625000;1626000;"it is."
508;1627916,6667;1629208,3334;"[wind whistling]"
509;1632000;1632875;"We're here."
510;1633583,3334;1636666,6667;"Yeah, you're right, this is a shortcut...
to death."
511;1636750;1638583,3334;"You wanna beat those Reavers or not?"
512;1638666,6667;1640833,3334;"-We should turn back.
-No."
513;1641916,6667;1643916,6667;"-We're very close.
-How can you possibly know that?"
514;1644000;1645250;"'Tis a perfectly fine route."
515;1645333,3334;1646500;"-For a dwarf.
-Aah!"
516;1647000;1648750;"Stifle your mewlin'. You'll manage."
517;1650916,6667;1652375;"As long as you don't look down."
518;1652458,3334;1654416,6667;"-[groans]
-[laughs]"
519;1654500;1655500;"[sighs]"
520;1656958,3334;1659833,3334;"-[Yarpen] See ya on the other side!
-[Jaskier] Yeah, yeah, yes."
521;1662750;1664666,6667;"-Uh...
-[Yarpen shouts]"
522;1664750;1666208,3334;"Uh, ladies first?"
523;1666291,6667;1668000;"Ah! All right. Yep."
524;1668875;1670958,3334;"Come on, Jask. You've got this."
525;1671458,3334;1673458,3334;"-You've got this.
-[Yarpen] Come on!"
526;1675041,6667;1676458,3334;"[Yennefer grunts]"
527;1677375;1678208,3334;"[Yarpen] Careful!"
528;1680791,6667;1681916,6667;"Oh, whoa!"
529;1682000;1683708,3334;"Oh, fuck! Oh..."
530;1686375;1688166,6667;"Oh, that is not a good sign."
531;1688250;1689958,3334;"That is not a good sign."
532;1691250;1692625;"[Yarpen shouts]"
533;1694083,3334;1696083,3334;"[wood creaking]"
534;1727500;1728625;"[Jaskier] Phew!"
535;1733416,6667;1734708,3334;"[creaking]"
536;1735958,3334;1737458,3334;"-[Véa screams]
-[Borch groans]"
537;1738000;1739875;"-[yells]
-[Geralt] Okay..."
538;1743166,6667;1744291,6667;"-[gasps]
-[strains]"
539;1744375;1746333,3334;"-Geralt!
-Get back!"
540;1749000;1751750;"Sir Witcher, you will save us yet."
541;1752541,6667;1754375;"But first, you must let go."
542;1754958,3334;1755875;"No."
543;1757000;1758375;"[creaking]"
544;1758458,3334;1759625;"-[grunts]
-[Yennefer gasps]"
545;1759708,3334;1762333,3334;"-Geralt! The planks won't hold!
-[panting]"
546;1764083,3334;1765083,3334;"Thank you."
547;1766125;1767291,6667;"[grunts] No!"
548;1775541,6667;1776708,3334;"[gasps]"
549;1828500;1829666,6667;"[Jaskier] You did your best."
550;1831500;1833208,3334;"There's nothing else you could have done."
551;1834708,3334;1836208,3334;"[wind whistling]"
552;1840125;1841875;"Look, why don't we leave tomorrow?"
553;1843541,6667;1846625;"That is, if you'll give me another chance
to prove myself a..."
554;1846708,3334;1848250;"worthy travel companion."
555;1848875;1849916,6667;"[Geralt] Hm."
556;1851458,3334;1852875;"We could head to the coast."
557;1854000;1855125;"Get away for a while."
558;1859166,6667;1861458,3334;"Sounds like something Borch would say,
doesn't it?"
559;1863583,3334;1864583,3334;"Life is too short."
560;1867208,3334;1868375;"Do what pleases you..."
561;1870166,6667;1871166,6667;"while you can."
562;1873125;1874875;"[Geralt] Composing your next song?"
563;1877041,6667;1878583,3334;"[Jaskier] No, I'm just, uh..."
564;1881291,6667;1883291,6667;"Just trying to work out what pleases me."
565;1899916,6667;1901208,3334;"[sighs]"
566;1906083,3334;1906958,3334;"Hm."
567;1907791,6667;1909291,6667;"So simple."
568;1914666,6667;1916416,6667;"-Do  you like it?
-[sighs]"
569;1920375;1921583,3334;"[sighs]"
570;1930208,3334;1931708,3334;"Is this not what you came for?"
571;1935208,3334;1936500;"I came for you."
572;1941833,3334;1944291,6667;"I was afraid
that mountain would take you from me,"
573;1945625;1947916,6667;"but now I fear
it took your senses instead."
574;1948541,6667;1949833,3334;"Only my nonsense."
575;1951833,3334;1953416,6667;"I quite like your nonsense."
576;1958375;1959583,3334;"[sighing] Hm..."
577;1961416,6667;1962625;"That scent."
578;1965416,6667;1968000;"The moment I dread most
every time you leave..."
579;1970541,6667;1971833,3334;"is when it fades."
580;1973500;1974875;"[sighs]"
581;1977416,6667;1978750;"When you're really gone."
582;1981416,6667;1982583,3334;"You left first."
583;1983791,6667;1984666,6667;"In Rinde."
584;1986750;1989375;"I woke up in that destroyed house
and you were gone."
585;1995375;1996375;"Forgive me."
586;2048166,6667;2049208,3334;"Do you hurt?"
587;2050041,6667;2051500;"I don't mean physical pain."
588;2053125;2055333,3334;"They say
witchers can't feel human emotion."
589;2058208,3334;2061250;"They say whatever justifies
despising our kind."
590;2061708,3334;2062708,3334;"Huh."
591;2063833,3334;2065041,6667;"Do you regret it?"
592;2066041,6667;2067083,3334;"Becoming a witcher?"
593;2068375;2069541,6667;"[sighs]"
594;2070583,3334;2073166,6667;"It's hard to regret something
you didn't choose."
595;2074208,3334;2075875;"But if the choice had been yours,"
596;2077666,6667;2079375;"what would you have done instead?"
597;2081250;2082250;"A farmer?"
598;2084958,3334;2085916,6667;"A stableman?"
599;2086000;2087541,6667;"[both chuckle]"
600;2088583,3334;2090458,3334;"-Horses are good company.
-[laughs]"
601;2092083,3334;2094500;"But if I ever dreamed
of being something..."
602;2096250;2098666,6667;"other... than what I am..."
603;2102333,3334;2104125;"it was too long ago to remember."
604;2106250;2107750;"Did you dream of being a mage?"
605;2110208,3334;2112250;"I didn't have much of a choice either."
606;2114083,3334;2115583,3334;"[sighs]"
607;2118583,3334;2120416,6667;"Did you always want to become a mother?"
608;2125875;2127291,6667;"I dreamed..."
609;2129041,6667;2131375;"of becoming important to someone."
610;2132791,6667;2133833,3334;"Someday."
611;2135000;2136000;"Hm."
612;2138416,6667;2139416,6667;"Do I bore you?"
613;2141416,6667;2143125;"[chuckles] Not at all."
614;2143875;2145083,3334;"[laughs]"
615;2146125;2147208,3334;"Before we met,"
616;2148125;2149250;"the days were calm..."
617;2150708,3334;2152250;"and the nights were restless."
618;2154708,3334;2156500;"But now... [sighs]"
619;2160583,3334;2162541,6667;"you're important to me."
620;2243166,6667;2244166,6667;"Good morning."
621;2251708,3334;2252833,3334;"Hm."
622;2255500;2257166,6667;"-[bird calling]
-[wind whistling]"
623;2257250;2260916,6667;"At a quick pace, we can make it back
to the Pensive Dragon before sundown."
624;2261666,6667;2263916,6667;"What are you talking about?
We're almost at the top."
625;2267291,6667;2269166,6667;"I came here for a reason, Geralt."
626;2269750;2271708,3334;"I'm not leaving
till I've killed that dragon."
627;2271791,6667;2273458,3334;"Yen, no!"
628;2274166,6667;2276541,6667;"-What will it solve?
-It will solve everything."
629;2278833,3334;2279666,6667;"Wait."
630;2284166,6667;2285875;"Where are those fucking dwarfs?"
631;2288416,6667;2289250;"Yen!"
632;2302875;2304541,6667;"[yelps]"
633;2305500;2306958,3334;"[whimpers]"
634;2308916,6667;2310458,3334;"[breathing shakily]"
635;2315041,6667;2315916,6667;"Don't scream."
636;2318333,3334;2320000;"I understand why you're afraid."
637;2323750;2326958,3334;"If there had been any other way
to extract you, I'd have done it."
638;2331958,3334;2334458,3334;"It was never my intention
to torment you, Princess."
639;2336000;2337000;"All I want..."
640;2338416,6667;2342000;"all I've ever wanted is
to help you fulfill your destiny."
641;2343208,3334;2345416,6667;"The White Flame has brought us together."
642;2347625;2349625;"You are the key to everything, Cirilla."
643;2357833,3334;2358958,3334;"You must be starving."
644;2361458,3334;2363125;"I'll get you something to eat."
645;2373916,6667;2375916,6667;"[crackling]"
646;2376000;2378083,3334;"[rumbling]"
647;2393750;2395125;"What have you done?"
648;2395208,3334;2396500;"You lied to us."
649;2397208,3334;2399083,3334;"You didn't tell us what she is."
650;2399166,6667;2400625;"What she's capable of."
651;2401666,6667;2403375;"You fucking fool!"
652;2406291,6667;2408916,6667;"[grunting]"
653;2415708,3334;2417750;"[panting] Uh-uh!"
654;2417833,3334;2419208,3334;"We know all your tricks."
655;2419833,3334;2420958,3334;"[yells]"
656;2423916,6667;2425125;"[yells]"
657;2437250;2440083,3334;"Do you really believe all this nonsense
in your head?"
658;2440166,6667;2441791,6667;"-This prophecy?
-[groans]"
659;2441875;2443250;"We think you're insane!"
660;2443333,3334;2444458,3334;"[yells]"
661;2447666,6667;2448958,3334;"[grunting]"
662;2450666,6667;2452208,3334;"[yelling]"
663;2453458,3334;2454291,6667;"[yells]"
664;2454375;2457000;"-[crunching]
-You are an abomination!"
665;2457500;2458875;"I will destroy you!"
666;2459500;2461500;"[both grunting]"
667;2469041,6667;2470291,6667;"[yells]"
668;2473166,6667;2474458,3334;"[screams]"
669;2475458,3334;2476583,3334;"[grunting]"
670;2483208,3334;2485166,6667;"You're still here, aren't you?"
671;2495416,6667;2497250;"[scree tumbling]"
672;2499791,6667;2500875;"[Yennefer speaks Elder]"
673;2514291,6667;2517375;"[panting]"
674;2531791,6667;2533208,3334;"[shuddering]"
675;2542708,3334;2543875;"[gasps]"
676;2559291,6667;2560583,3334;"No closer!"
677;2562875;2563875;"What the fuck?"
678;2565500;2567125;"Get back!"
679;2567208,3334;2569041,6667;"You should've stayed dead."
680;2570291,6667;2571375;"[Geralt] Stop!"
681;2576625;2577583,3334;"How?"
682;2581541,6667;2582791,6667;"He's dead."
683;2584250;2585458,3334;"She's dead."
684;2586291,6667;2588083,3334;"[roaring]"
685;2603166,6667;2605166,6667;"[roars]"
686;2609708,3334;2612250;"[Borch] Sir Witcher and his sorceress."
687;2612708,3334;2614666,6667;"[low growl]"
688;2614750;2615958,3334;"Hello again."
689;2622583,3334;2623791,6667;"Impossible."
690;2624416,6667;2626375;"[Téa] When the dragoness was injured,"
691;2626958,3334;2629083,3334;"her cry was heard by Villentretenmerth."
692;2629416,6667;2631208,3334;"But the egg could not be moved"
693;2631750;2633583,3334;"or the life inside it would die."
694;2633666,6667;2635541,6667;"That's why the dragon attacked."
695;2636125;2637458,3334;"[heart beating]"
696;2637541,6667;2639250;"She was protecting her baby."
697;2641375;2643916,6667;"[Téa] And then we heard
about the King's hunt,"
698;2644000;2646708,3334;"realized we had to keep our enemies close."
699;2647166,6667;2648916,6667;"So I came to find you,"
700;2649583,3334;2651041,6667;"the white-haired witcher,"
701;2651583,3334;2655208,3334;"the knight who was taught
to save dragons instead of kill them."
702;2658125;2659291,6667;"[growling]"
703;2660333,3334;2662666,6667;"Looks like
we get to fuck up the whole family."
704;2662750;2664333,3334;"Slay that dragon!"
705;2664416,6667;2665750;"[Geralt yells]"
706;2668666,6667;2670250;"Kill them!"
707;2670333,3334;2671416,6667;"Boholt's mine!"
708;2692750;2693875;"Aard, now!"
709;2696083,3334;2697458,3334;"[yelling]"
710;2706250;2708208,3334;"[low growl]"
711;2708291,6667;2710000;"[Borch] I'm afraid we have more."
712;2711333,3334;2713500;"Go! I'll protect the egg."
713;2718583,3334;2719583,3334;"Get them!"
714;2756875;2758041,6667;"-[Yennefer yells]
-[grunts]"
715;2765791,6667;2767958,3334;"[Yennefer yells]"
716;2769500;2771875;"So I get to kill you after all, Witcher."
717;2780416,6667;2782041,6667;"[yells]"
718;2782125;2783250;"[roaring]"
719;2786625;2788541,6667;"It's not going to happen!"
720;2812208,3334;2814416,6667;"Shame you don't get to see me
crack that egg!"
721;2815625;2816708,3334;"[groans]"
722;2826458,3334;2828458,3334;"[both panting]"
723;2833875;2835000;"[gasps]"
724;2836250;2837458,3334;"Uh..."
725;2840541,6667;2841583,3334;"[sniffs]"
726;2857458,3334;2858375;"Geralt?"
727;2860416,6667;2861333,3334;"Dwarfs?"
728;2863083,3334;2864791,6667;"Oh, gosh. Phew!"
729;2865791,6667;2866916,6667;"Ah! What'd I miss?"
730;2867416,6667;2868583,3334;"Huh?"
731;2869208,3334;2870458,3334;"-Guys?
-[groaning]"
732;2870541,6667;2872791,6667;"Are we... queuing for something?"
733;2872875;2874291,6667;"-What's going on?
-[gasping]"
734;2874833,3334;2875833,3334;"Oh, no!"
735;2882708,3334;2883708,3334;"Oh, fuck!"
736;2885291,6667;2886500;"What happened?"
737;2888000;2889458,3334;"Oh, gosh!"
738;2889541,6667;2890958,3334;"Oh! Bloody hell."
739;2891041,6667;2893458,3334;"What the fuck are you doing here?"
740;2900833,3334;2904208,3334;"Well, that's fuckin' shite!
We missed a whole mother lode of fun."
741;2910916,6667;2915583,3334;"Ask no questions, and in return,
I offer you these to take to the King."
742;2918291,6667;2919291,6667;"Dragon teeth?"
743;2920083,3334;2922750;"I've never been one
to look a gift cock in the beak,"
744;2922833,3334;2925125;"though this might not be enough proof
to collect the reward."
745;2926916,6667;2928750;"Tell the King if he's not satisfied,"
746;2928833,3334;2932708,3334;"he can expect the body of a dragon
dropped upon his royal wedding."
747;2932791,6667;2934166,6667;"Free of charge."
748;2944125;2945875;"[laughing]"
749;2947208,3334;2948125;"Aah!"
750;2956125;2957541,6667;"[whimpering]"
751;2958500;2959875;"[twigs snapping]"
752;2967208,3334;2969000;"[footsteps approaching]"
753;2970041,6667;2972125;"[whimpers]"
754;2979041,6667;2980833,3334;"[muffled cries]"
755;2985583,3334;2988583,3334;"He caught me. He's going to come back, 
Dara. We have to hurry."
756;2988666,6667;2989750;"[Dara curses in Elder]"
757;2989833,3334;2992333,3334;"If we had just stayed in Brokilon, Ciri,
we'd be safe right now!"
758;2992416,6667;2995291,6667;"-How could I have known?
-Because we agreed to it. Hmm?"
759;2996833,3334;2999208,3334;"If I stay with you any longer,
I'll be dead too."
760;2999875;3001625;"And you say you're so special."
761;3002083,3334;3004916,6667;"What you really mean is
that you're just like Calanthe!"
762;3005041,6667;3007708,3334;"You bring terror and you bring death
wherever you are!"
763;3010291,6667;3011875;"I'm doing the best that I can."
764;3014375;3016750;"I'm done apologizing.
I'm done with all of this."
765;3016833,3334;3018208,3334;"I have to move on."
766;3024541,6667;3025958,3334;"You're right, Princess."
767;3029166,6667;3030166,6667;"Find a new family,"
768;3030666,6667;3032750;"because I can't be there for you anymore."
769;3055916,6667;3057916,6667;"This is my final first."
770;3060125;3061125;"A child."
771;3062791,6667;3064625;"This treasure, this legacy"
772;3065041,6667;3066208,3334;"must endure."
773;3067291,6667;3069291,6667;"There is no other reason to go on."
774;3070791,6667;3072291,6667;"Thank you for protecting it."
775;3073791,6667;3075875;"And thank you, Yennefer of Vengerberg."
776;3077125;3079708,3334;"I can see why Geralt didn't want
to lose you."
777;3081541,6667;3082541,6667;"What does that mean?"
778;3091958,3334;3093000;"In Rinde."
779;3095458,3334;3096625;"The djinn."
780;3098958,3334;3101083,3334;"That's why we can't escape each other."
781;3103250;3104833,3334;"Why I feel this way inside."
782;3105500;3106333,3334;"No."
783;3106416,6667;3108291,6667;"[Yennefer]
It's not because of anything real..."
784;3108875;3109916,6667;"or true."
785;3112291,6667;3113416,6667;"You made a wish."
786;3115000;3116000;"It's magic."
787;3116750;3118791,6667;"-It's real, Yen.
-How could we ever know?"
788;3122250;3125375;"Disregard for other's freedom
has become quite your trademark."
789;3125875;3128958,3334;"-I made that wish to save your life.
-I didn't need your help!"
790;3129041,6667;3130166,6667;"Like fuck you didn't!"
791;3130791,6667;3133958,3334;"And you, you flit about like a tornado,"
792;3134708,3334;3136666,6667;"wreaking havoc, and for what?"
793;3137541,6667;3138750;"So you can have a baby?"
794;3139708,3334;3142750;"A child is no way
to boost your fragile ego, Yen."
795;3142833,3334;3146125;"I'll take advice from you about children
as soon as you take responsibility"
796;3146208,3334;3148041,6667;"for the one you bound to you
and then abandoned!"
797;3148125;3149333,3334;"[Borch] That's enough."
798;3154208,3334;3157666,6667;"I'm going to save you both a lot of hurt
with a little pain now."
799;3159458,3334;3162083,3334;"The sorceress will never regain her womb."
800;3164000;3166375;"And though you didn't want to lose her,
Geralt,"
801;3167708,3334;3168750;"you will."
802;3173625;3174666,6667;"He already has."
803;3191750;3193791,6667;"You wanted to show me
what I was missing..."
804;3196333,3334;3197291,6667;"there she goes."
805;3199833,3334;3201958,3334;"What you're missing is still out there."
806;3202875;3203958,3334;"Your legacy."
807;3204791,6667;3206875;"Your destiny. I know it."
808;3208208,3334;3209416,6667;"And you know it."
809;3224416,6667;3226416,6667;"[Jaskier] Phew! What a day! [chuckles]"
810;3227166,6667;3229541,6667;"-I imagine you're probably--
-Damn it, Jaskier!"
811;3230375;3233083,3334;"Why is it whenever I find myself 
in a pile of shit these days,"
812;3233166,6667;3235458,3334;"-it's you, shoveling it?
-Well, that's not fair."
813;3235541,6667;3237791,6667;"The Child Surprise, the djinn,"
814;3237875;3238875;"all of it!"
815;3239291,6667;3241500;"If life could give me one blessing,"
816;3241583,3334;3244333,3334;"it would be to take you off my hands."
817;3253125;3254333,3334;"Right. Uh..."
818;3257833,3334;3258708,3334;"Right, then."
819;3260875;3261750;"I'll..."
820;3262250;3264416,6667;"I'll go get the rest of the story
from the others."
821;3269416,6667;3270583,3334;"See you around, Geralt."
822;3298541,6667;3300000;"[Cahir winces]"
823;3300625;3302208,3334;"[Fringilla] 
They're combing the area."
824;3303583,3334;3304750;"They haven't found him,"
825;3305541,6667;3306500;"or the girl."
826;3312666,6667;3314833,3334;"A simple test of silver would've sufficed."
827;3314916,6667;3316041,6667;"I had steel at the ready."
828;3318333,3334;3321250;"We can pull in more soldiers.
Keep searching."
829;3322291,6667;3323458,3334;"We won't stop."
830;3326000;3330000;"We cannot mistake the stars reflecting 
in a pond for those in the night sky."
831;3330083,3334;3331916,6667;"Spare me the lecture, Fringilla."
832;3342791,6667;3344666,6667;"You rose up against the Usurper."
833;3347416,6667;3349791,6667;"Helped free our people from their chains."
834;3351875;3354333,3334;"I witnessed the White Flame call on you..."
835;3357208,3334;3358208,3334;"mold you..."
836;3359541,6667;3361541,6667;"anoint you."
837;3364208,3334;3365875;"It burns in you, Cahir."
838;3368416,6667;3369625;"She is the key,"
839;3370958,3334;3371833,3334;"but you..."
840;3373291,6667;3374625;"you are the commissioner."
841;3377375;3378375;"Do not despair."
842;3379250;3380250;"We will find her."
843;3380916,6667;3383416,6667;"And we will spread his supremacy
all through the kingdoms,"
844;3383500;3384875;"whether they deserve it..."
845;3385750;3386750;"or not."
846;3390666,6667;3391833,3334;"Gather the men."
847;3395416,6667;3396875;"We cannot fail him."
848;3407791,6667;3410666,6667;"The time of the sword
and the ax is nigh."
849;3417916,6667;3420666,6667;"[Jaskier] ♪ The "fairer sex"
They often call it ♪"
850;3421166,6667;3423750;"♪ But her love's as unfair as a crook ♪"
851;3423833,3334;3425291,6667;"♪ It steals all my reason ♪"
852;3425375;3426875;"♪ Commits every treason ♪"
853;3426958,3334;3430708,3334;"♪ Of logic with naught but a look ♪"
854;3431416,6667;3433875;"♪ A storm raging on the horizon ♪"
855;3434625;3436958,3334;"♪ Of longing, and heartache, and lust ♪"
856;3437041,6667;3438958,3334;"♪ She's always bad news ♪"
857;3439041,6667;3440375;"♪ It's always lose-lose ♪"
858;3440458,3334;3443958,3334;"♪ So, tell me, love, tell me, love
How is that just? ♪"
859;3444500;3445958,3334;"♪ But the story is this ♪"
860;3446041,6667;3448416,6667;"♪ She'll destroy with her sweet kiss ♪"
861;3448500;3450208,3334;"♪ Her sweet kiss ♪"
862;3451041,6667;3452666,6667;"♪ But the story is this ♪"
863;3452750;3456083,3334;"♪ She'll destroy with her sweet kiss ♪"
864;3457041,6667;3459708,3334;"♪ Her current is pulling you closer ♪"
865;3460416,6667;3462958,3334;"♪ A charge in the hot, humid night ♪"
866;3463041,6667;3465958,3334;"♪ The red sky at dawn
Is giving a warning ♪"
867;3466041,6667;3469416,6667;"♪ You fool, better stay out of sight ♪"
868;3470375;3473041,6667;"♪ I'm weak, my love, and I am wanting ♪"
869;3473833,3334;3476166,6667;"♪ If this is the path I must trudge ♪"
870;3476250;3477916,6667;"♪ I'll welcome my sentence ♪"
871;3478000;3479291,6667;"♪ Give to you my penance ♪"
872;3479375;3483125;"♪ Garroter, jury and judge ♪"
873;3483541,6667;3485125;"♪ But the story is this ♪"
874;3485208,3334;3487625;"♪ She'll destroy with her sweet kiss ♪"
875;3487708,3334;3490250;"♪ Her sweet kiss, oh ♪"
876;3490333,3334;3491791,6667;"♪ But the story is this ♪"
877;3491875;3495375;"♪ She'll destroy with her sweet kiss ♪"
878;3495458,3334;3497000;"♪ Oh, oh, oh, oh, oh, oh ♪"
879;3497083,3334;3498500;"♪ But the story is this ♪"
880;3498583,3334;3500750;"♪ She'll destroy with her sweet kiss ♪"
881;3501250;3503250;"♪ Her sweet kiss, oh ♪"
882;3503333,3334;3505125;"♪ But the story is this ♪"
883;3505208,3334;3508458,3334;"♪ She'll destroy with her sweet kiss ♪"
884;3508541,6667;3510541,6667;"♪ Oh, oh, oh, oh, oh, oh ♪"
885;3510625;3511583,3334;"♪ The story is this ♪"
886;3511666,6667;3518250;"♪ She'll destroy with her sweet kiss ♪"